,Sold-To Party,Name 1,Material,Description,Delivery Date,Confirmed Quantity,Sales Unit,Plant,Ship-To Party,Ship-to party name 1,Quantity in L,state of Sold-To Party,Chemical product
46578,9477,SA Water Corporation,PAC23-15,PAC 23 SOLUTION - 15L,2019-05,2.0,PLS,V305,20470,Hope Valley Water Treatment Plant,30.0,sa,PAC23
46581,9477,SA Water Corporation,PAC23-15,PAC 23 SOLUTION - 15L,2019-04,0.0399,TO,V305,20470,Hope Valley Water Treatment Plant,29.776119402985074,sa,PAC23
46629,9477,SA Water Corporation,PAC23-15,PAC 23 SOLUTION - 15L,2017-03,20.0,DRM,V305,41516,Berri RS,4000.0,sa,PAC23
46635,9477,SA Water Corporation,PAC23-15,PAC 23 SOLUTION - 15L,2017-02,20.0,DRM,V305,41516,Berri RS,4000.0,sa,PAC23
46639,9477,SA Water Corporation,PAC23-15,PAC 23 SOLUTION - 15L,2017-01,15.0,DRM,V305,41516,Berri RS,3000.0,sa,PAC23
46651,3837,City Of Tea Tree Gully,PAC23-15,PAC 23 SOLUTION - 15L,2016-08,2.0,PLS,V305,50267,City of Tea Tree Gully - Modbury,30.0,sa,PAC23
46794,21193,Veolia Water Services (ANZ) Pty Ltd,PAC23-15,PAC 23 SOLUTION - 15L,2011-08,1.0,DRM,V305,38777,White Swan WTP,200.0,sa,PAC23
46884,9372,Ace Chemical Company,PAC23-1330,PAC 23 SOLUTION - 1330KG,2020-06,1.33,TO,V305,9372,Ace Chemical Company,992.5373134328358,sa,PAC23
46975,9372,Ace Chemical Company,PAC23-1330,PAC 23 SOLUTION - 1330KG,2020-03,1.33,TO,S315,9372,Ace Chemical Company,992.5373134328358,sa,PAC23
46982,9372,Ace Chemical Company,PAC23-1330,PAC 23 SOLUTION - 1330KG,2020-02,1.33,TO,S315,9372,Ace Chemical Company,992.5373134328358,sa,PAC23
47018,9372,Ace Chemical Company,PAC23-1330,PAC 23 SOLUTION - 1330KG,2020-01,1.33,TO,V305,9372,Ace Chemical Company,992.5373134328358,sa,PAC23
47046,29679,Chesser Chemicals Pty Ltd,PAC23-1330,PAC 23 SOLUTION - 1330KG,2019-12,2.0,BOX,S315,29679,Chesser Chemicals Pty Ltd,2000.0,sa,PAC23
47047,21193,Veolia Water Services (ANZ) Pty Ltd,PAC23-1330,PAC 23 SOLUTION - 1330KG,2019-12,1.33,TO,V305,38775,Blackwood WTP,992.5373134328358,sa,PAC23
47063,9372,Ace Chemical Company,PAC23-1330,PAC 23 SOLUTION - 1330KG,2019-11,1.33,TO,S315,9372,Ace Chemical Company,992.5373134328358,sa,PAC23
47092,9372,Ace Chemical Company,PAC23-1330,PAC 23 SOLUTION - 1330KG,2019-10,1.33,TO,S315,9372,Ace Chemical Company,992.5373134328358,sa,PAC23
47142,29679,Chesser Chemicals Pty Ltd,PAC23-1330,PAC 23 SOLUTION - 1330KG,2019-08,1.0,BOX,S315,29679,Chesser Chemicals Pty Ltd,1000.0,sa,PAC23
47153,9372,Ace Chemical Company,PAC23-1330,PAC 23 SOLUTION - 1330KG,2019-07,1.33,TO,V305,9372,Ace Chemical Company,992.5373134328358,sa,PAC23
47168,29679,Chesser Chemicals Pty Ltd,PAC23-1330,PAC 23 SOLUTION - 1330KG,2019-07,1.0,BOX,S315,29679,Chesser Chemicals Pty Ltd,1000.0,sa,PAC23
47173,9372,Ace Chemical Company,PAC23-1330,PAC 23 SOLUTION - 1330KG,2019-06,1.33,TO,V305,9372,Ace Chemical Company,992.5373134328358,sa,PAC23
47203,21193,Veolia Water Services (ANZ) Pty Ltd,PAC23-1330,PAC 23 SOLUTION - 1330KG,2019-05,2.66,TO,V305,38775,Blackwood WTP,1985.0746268656717,sa,PAC23
47215,21193,Veolia Water Services (ANZ) Pty Ltd,PAC23-1330,PAC 23 SOLUTION - 1330KG,2019-04,1.33,TO,V305,38775,Blackwood WTP,992.5373134328358,sa,PAC23
47254,9477,SA Water Corporation,PAC23-1330,PAC 23 SOLUTION - 1330KG,2019-03,1.0,BOX,S315,12490,Woolpunda,1000.0,sa,PAC23
47258,9372,Ace Chemical Company,PAC23-1330,PAC 23 SOLUTION - 1330KG,2019-03,1.33,TO,S315,9372,Ace Chemical Company,992.5373134328358,sa,PAC23
47260,9372,Ace Chemical Company,PAC23-1330,PAC 23 SOLUTION - 1330KG,2019-03,1.33,TO,S315,9372,Ace Chemical Company,992.5373134328358,sa,PAC23
47459,21193,Veolia Water Services (ANZ) Pty Ltd,PAC23-1330,PAC 23 SOLUTION - 1330KG,2018-04,1.33,TO,V305,38775,Blackwood WTP,992.5373134328358,sa,PAC23
47479,29679,Chesser Chemicals Pty Ltd,PAC23-1330,PAC 23 SOLUTION - 1330KG,2018-03,1.0,BOX,S315,29679,Chesser Chemicals Pty Ltd,1000.0,sa,PAC23
47581,3837,City Of Tea Tree Gully,PAC23-1330,PAC 23 SOLUTION - 1330KG,2017-06,1.33,TO,S315,62024,City of Tea tree Gully Works Depot,992.5373134328358,sa,PAC23
47597,21193,Veolia Water Services (ANZ) Pty Ltd,PAC23-1330,PAC 23 SOLUTION - 1330KG,2017-05,1.0,BOX,V305,38774,Beaufort WTP,1000.0,sa,PAC23
47692,21193,Veolia Water Services (ANZ) Pty Ltd,PAC23-1330,PAC 23 SOLUTION - 1330KG,2016-12,1.0,BOX,V305,38774,Beaufort WTP,1000.0,sa,PAC23
47693,21193,Veolia Water Services (ANZ) Pty Ltd,PAC23-1330,PAC 23 SOLUTION - 1330KG,2016-12,1.0,BOX,V305,38775,Blackwood WTP,1000.0,sa,PAC23
47704,9372,Ace Chemical Company,PAC23-1330,PAC 23 SOLUTION - 1330KG,2016-12,1.0,BOX,S315,9372,Ace Chemical Company,1000.0,sa,PAC23
47729,9372,Ace Chemical Company,PAC23-1330,PAC 23 SOLUTION - 1330KG,2016-11,1.0,BOX,S315,9372,Ace Chemical Company,1000.0,sa,PAC23
47734,9372,Ace Chemical Company,PAC23-1330,PAC 23 SOLUTION - 1330KG,2016-11,1.0,BOX,S315,9372,Ace Chemical Company,1000.0,sa,PAC23
47788,9372,Ace Chemical Company,PAC23-1330,PAC 23 SOLUTION - 1330KG,2016-08,0.00133,TO,S315,9372,Ace Chemical Company,0.9925373134328358,sa,PAC23
47809,9372,Ace Chemical Company,PAC23-1330,PAC 23 SOLUTION - 1330KG,2016-07,1.0,BOX,S315,9372,Ace Chemical Company,1000.0,sa,PAC23
47810,9372,Ace Chemical Company,PAC23-1330,PAC 23 SOLUTION - 1330KG,2016-07,1.0,BOX,S315,9372,Ace Chemical Company,1000.0,sa,PAC23
47814,9372,Ace Chemical Company,PAC23-1330,PAC 23 SOLUTION - 1330KG,2016-07,1.0,BOX,S315,9372,Ace Chemical Company,1000.0,sa,PAC23
47837,9372,Ace Chemical Company,PAC23-1330,PAC 23 SOLUTION - 1330KG,2016-06,1.0,BOX,S315,9372,Ace Chemical Company,1000.0,sa,PAC23
47838,9372,Ace Chemical Company,PAC23-1330,PAC 23 SOLUTION - 1330KG,2016-06,1.0,BOX,S315,9372,Ace Chemical Company,1000.0,sa,PAC23
47887,9372,Ace Chemical Company,PAC23-1330,PAC 23 SOLUTION - 1330KG,2016-03,1.381,BOX,S315,9372,Ace Chemical Company,1381.0,sa,PAC23
47892,9372,Ace Chemical Company,PAC23-1330,PAC 23 SOLUTION - 1330KG,2016-03,1.0,BOX,S315,9372,Ace Chemical Company,1000.0,sa,PAC23
47893,9372,Ace Chemical Company,PAC23-1330,PAC 23 SOLUTION - 1330KG,2016-03,1.0,BOX,S315,9372,Ace Chemical Company,1000.0,sa,PAC23
47923,9372,Ace Chemical Company,PAC23-1330,PAC 23 SOLUTION - 1330KG,2016-02,1.0,BOX,S315,9372,Ace Chemical Company,1000.0,sa,PAC23
47954,59891,Clare Car Wash Pty Ltd,PAC23-1330,PAC 23 SOLUTION - 1330KG,2016-01,1.0,BOX,S315,59891,Clare Car Wash Pty Ltd,1000.0,sa,PAC23
47968,9372,Ace Chemical Company,PAC23-1330,PAC 23 SOLUTION - 1330KG,2015-12,1.0,BOX,S315,9372,Ace Chemical Company,1000.0,sa,PAC23
47974,9372,Ace Chemical Company,PAC23-1330,PAC 23 SOLUTION - 1330KG,2015-12,1.0,BOX,S315,9372,Ace Chemical Company,1000.0,sa,PAC23
47999,9372,Ace Chemical Company,PAC23-1330,PAC 23 SOLUTION - 1330KG,2015-11,1.0,BOX,S315,9372,Ace Chemical Company,1000.0,sa,PAC23
48002,21193,Veolia Water Services (ANZ) Pty Ltd,PAC23-1330,PAC 23 SOLUTION - 1330KG,2015-10,1.0,BOX,V305,38775,Blackwood WTP,1000.0,sa,PAC23
48006,9477,SA Water Corporation,PAC23-1330,PAC 23 SOLUTION - 1330KG,2015-10,1.0,BOX,S315,17818,Mt Pleas WTP 272,1000.0,sa,PAC23
48037,9477,SA Water Corporation,PAC23-1330,PAC 23 SOLUTION - 1330KG,2015-08,1.0,BOX,S315,17818,Mt Pleas WTP 272,1000.0,sa,PAC23
48038,9372,Ace Chemical Company,PAC23-1330,PAC 23 SOLUTION - 1330KG,2015-08,1.0,BOX,S315,9372,Ace Chemical Company,1000.0,sa,PAC23
48056,9372,Ace Chemical Company,PAC23-1330,PAC 23 SOLUTION - 1330KG,2015-07,1.0,BOX,S315,9372,Ace Chemical Company,1000.0,sa,PAC23
48122,53364,Aqualutions Pty Ltd,PAC23-1330,PAC 23 SOLUTION - 1330KG,2015-02,2.0,BOX,S303,53364,Aqualutions Pty Ltd,2000.0,sa,PAC23
48253,21193,Veolia Water Services (ANZ) Pty Ltd,PAC23-1330,PAC 23 SOLUTION - 1330KG,2014-06,1.0,BOX,V305,38774,Beaufort WTP,1000.0,sa,PAC23
48320,53364,Aqualutions Pty Ltd,PAC23-1330,PAC 23 SOLUTION - 1330KG,2014-02,2.0,BOX,S303,53364,Aqualutions Pty Ltd,2000.0,sa,PAC23
48326,21193,Veolia Water Services (ANZ) Pty Ltd,PAC23-1330,PAC 23 SOLUTION - 1330KG,2014-02,1.0,BOX,V305,38774,Beaufort WTP,1000.0,sa,PAC23
48337,53364,Aqualutions Pty Ltd,PAC23-1330,PAC 23 SOLUTION - 1330KG,2014-01,2.0,BOX,S303,53364,Aqualutions Pty Ltd,2000.0,sa,PAC23
48347,53364,Aqualutions Pty Ltd,PAC23-1330,PAC 23 SOLUTION - 1330KG,2014-01,1.0,BOX,S303,53364,Aqualutions Pty Ltd,1000.0,sa,PAC23
48353,21193,Veolia Water Services (ANZ) Pty Ltd,PAC23-1330,PAC 23 SOLUTION - 1330KG,2013-12,1.0,BOX,V305,41004,North Ballarat WWTP,1000.0,sa,PAC23
48364,21193,Veolia Water Services (ANZ) Pty Ltd,PAC23-1330,PAC 23 SOLUTION - 1330KG,2013-12,1.0,BOX,V305,41004,North Ballarat WWTP,1000.0,sa,PAC23
48370,21193,Veolia Water Services (ANZ) Pty Ltd,PAC23-1330,PAC 23 SOLUTION - 1330KG,2013-12,1.0,BOX,V305,38774,Beaufort WTP,1000.0,sa,PAC23
48453,21193,Veolia Water Services (ANZ) Pty Ltd,PAC23-1330,PAC 23 SOLUTION - 1330KG,2013-05,1.0,BOX,V305,41004,North Ballarat WWTP,1000.0,sa,PAC23
48456,21193,Veolia Water Services (ANZ) Pty Ltd,PAC23-1330,PAC 23 SOLUTION - 1330KG,2013-04,1.0,BOX,V305,41004,North Ballarat WWTP,1000.0,sa,PAC23
48459,21193,Veolia Water Services (ANZ) Pty Ltd,PAC23-1330,PAC 23 SOLUTION - 1330KG,2013-04,1.0,BOX,V305,41004,North Ballarat WWTP,1000.0,sa,PAC23
48465,21193,Veolia Water Services (ANZ) Pty Ltd,PAC23-1330,PAC 23 SOLUTION - 1330KG,2013-03,1.0,BOX,V305,41004,North Ballarat WWTP,1000.0,sa,PAC23
48470,21193,Veolia Water Services (ANZ) Pty Ltd,PAC23-1330,PAC 23 SOLUTION - 1330KG,2013-03,1.0,BOX,V305,41004,North Ballarat WWTP,1000.0,sa,PAC23
48478,21193,Veolia Water Services (ANZ) Pty Ltd,PAC23-1330,PAC 23 SOLUTION - 1330KG,2013-03,1.0,BOX,V305,41004,North Ballarat WWTP,1000.0,sa,PAC23
48483,21193,Veolia Water Services (ANZ) Pty Ltd,PAC23-1330,PAC 23 SOLUTION - 1330KG,2013-02,1.0,BOX,V305,41004,North Ballarat WWTP,1000.0,sa,PAC23
48494,21193,Veolia Water Services (ANZ) Pty Ltd,PAC23-1330,PAC 23 SOLUTION - 1330KG,2013-01,1.0,BOX,V305,41004,North Ballarat WWTP,1000.0,sa,PAC23
48496,21193,Veolia Water Services (ANZ) Pty Ltd,PAC23-1330,PAC 23 SOLUTION - 1330KG,2013-01,1.0,BOX,V305,41004,North Ballarat WWTP,1000.0,sa,PAC23
48500,21193,Veolia Water Services (ANZ) Pty Ltd,PAC23-1330,PAC 23 SOLUTION - 1330KG,2013-01,1.0,BOX,V305,41004,North Ballarat WWTP,1000.0,sa,PAC23
48507,21193,Veolia Water Services (ANZ) Pty Ltd,PAC23-1330,PAC 23 SOLUTION - 1330KG,2012-12,1.0,BOX,V305,41004,North Ballarat WWTP,1000.0,sa,PAC23
48509,21193,Veolia Water Services (ANZ) Pty Ltd,PAC23-1330,PAC 23 SOLUTION - 1330KG,2012-12,1.0,BOX,V305,41004,North Ballarat WWTP,1000.0,sa,PAC23
48512,21193,Veolia Water Services (ANZ) Pty Ltd,PAC23-1330,PAC 23 SOLUTION - 1330KG,2012-12,1.0,BOX,V305,41004,North Ballarat WWTP,1000.0,sa,PAC23
48520,21193,Veolia Water Services (ANZ) Pty Ltd,PAC23-1330,PAC 23 SOLUTION - 1330KG,2012-11,1.0,BOX,V305,41004,North Ballarat WWTP,1000.0,sa,PAC23
48535,21193,Veolia Water Services (ANZ) Pty Ltd,PAC23-1330,PAC 23 SOLUTION - 1330KG,2012-11,1.0,BOX,V305,41004,North Ballarat WWTP,1000.0,sa,PAC23
48558,21193,Veolia Water Services (ANZ) Pty Ltd,PAC23-1330,PAC 23 SOLUTION - 1330KG,2012-08,1.0,BOX,V305,41004,North Ballarat WWTP,1000.0,sa,PAC23
48566,21193,Veolia Water Services (ANZ) Pty Ltd,PAC23-1330,PAC 23 SOLUTION - 1330KG,2012-07,1.0,BOX,V305,41004,North Ballarat WWTP,1000.0,sa,PAC23
48579,21193,Veolia Water Services (ANZ) Pty Ltd,PAC23-1330,PAC 23 SOLUTION - 1330KG,2012-05,6.0,BOX,V305,38776,Lal Lal WTP,6000.0,sa,PAC23
48583,21193,Veolia Water Services (ANZ) Pty Ltd,PAC23-1330,PAC 23 SOLUTION - 1330KG,2012-04,5.0,BOX,V305,38776,Lal Lal WTP,5000.0,sa,PAC23
48602,21193,Veolia Water Services (ANZ) Pty Ltd,PAC23-1330,PAC 23 SOLUTION - 1330KG,2012-03,1.0,BOX,V305,41004,North Ballarat WWTP,1000.0,sa,PAC23
48610,21193,Veolia Water Services (ANZ) Pty Ltd,PAC23-1330,PAC 23 SOLUTION - 1330KG,2012-02,1.0,BOX,V305,41004,North Ballarat WWTP,1000.0,sa,PAC23
48617,21193,Veolia Water Services (ANZ) Pty Ltd,PAC23-1330,PAC 23 SOLUTION - 1330KG,2012-01,1.0,BOX,V305,41004,North Ballarat WWTP,1000.0,sa,PAC23
48625,21193,Veolia Water Services (ANZ) Pty Ltd,PAC23-1330,PAC 23 SOLUTION - 1330KG,2011-12,1.0,BOX,V305,41004,North Ballarat WWTP,1000.0,sa,PAC23
48635,21193,Veolia Water Services (ANZ) Pty Ltd,PAC23-1330,PAC 23 SOLUTION - 1330KG,2011-12,1.0,BOX,V305,41004,North Ballarat WWTP,1000.0,sa,PAC23
48643,21193,Veolia Water Services (ANZ) Pty Ltd,PAC23-1330,PAC 23 SOLUTION - 1330KG,2011-11,1.0,BOX,V305,41004,North Ballarat WWTP,1000.0,sa,PAC23
48788,21193,Veolia Water Services (ANZ) Pty Ltd,PAC23-1330,PAC 23 SOLUTION - 1330KG,2010-11,1.0,BOX,V305,41004,North Ballarat WWTP,1000.0,sa,PAC23
48798,21193,Veolia Water Services (ANZ) Pty Ltd,PAC23-1330,PAC 23 SOLUTION - 1330KG,2010-10,1.0,BOX,V305,41004,North Ballarat WWTP,1000.0,sa,PAC23
48807,21193,Veolia Water Services (ANZ) Pty Ltd,PAC23-1330,PAC 23 SOLUTION - 1330KG,2010-09,1.0,BOX,V305,41004,North Ballarat WWTP,1000.0,sa,PAC23
48814,21193,Veolia Water Services (ANZ) Pty Ltd,PAC23-1330,PAC 23 SOLUTION - 1330KG,2010-09,1.0,BOX,V305,41004,North Ballarat WWTP,1000.0,sa,PAC23
48818,21193,Veolia Water Services (ANZ) Pty Ltd,PAC23-1330,PAC 23 SOLUTION - 1330KG,2010-08,1.0,BOX,V305,41004,North Ballarat WWTP,1000.0,sa,PAC23
48821,21193,Veolia Water Services (ANZ) Pty Ltd,PAC23-1330,PAC 23 SOLUTION - 1330KG,2010-07,1.0,BOX,V305,41004,North Ballarat WWTP,1000.0,sa,PAC23
48825,21193,Veolia Water Services (ANZ) Pty Ltd,PAC23-1330,PAC 23 SOLUTION - 1330KG,2010-06,1.0,BOX,V305,41004,North Ballarat WWTP,1000.0,sa,PAC23
48827,21193,Veolia Water Services (ANZ) Pty Ltd,PAC23-1330,PAC 23 SOLUTION - 1330KG,2010-06,1.0,BOX,V305,41004,North Ballarat WWTP,1000.0,sa,PAC23
48830,21193,Veolia Water Services (ANZ) Pty Ltd,PAC23-1330,PAC 23 SOLUTION - 1330KG,2010-05,1.0,BOX,V305,41004,North Ballarat WWTP,1000.0,sa,PAC23
48838,21193,Veolia Water Services (ANZ) Pty Ltd,PAC23-1330,PAC 23 SOLUTION - 1330KG,2010-04,1.0,BOX,V305,41004,North Ballarat WWTP,1000.0,sa,PAC23
48842,21193,Veolia Water Services (ANZ) Pty Ltd,PAC23-1330,PAC 23 SOLUTION - 1330KG,2010-03,1.0,BOX,V305,41004,North Ballarat WWTP,1000.0,sa,PAC23
48846,21193,Veolia Water Services (ANZ) Pty Ltd,PAC23-1330,PAC 23 SOLUTION - 1330KG,2010-02,1.0,BOX,V310,41004,North Ballarat WWTP,1000.0,sa,PAC23
48848,21193,Veolia Water Services (ANZ) Pty Ltd,PAC23-1330,PAC 23 SOLUTION - 1330KG,2010-01,1.0,BOX,V305,41004,North Ballarat WWTP,1000.0,sa,PAC23
48940,9372,Ace Chemical Company,PAC23-1330NR,PAC 23 SOLUTION - 1330KG IBC NR,2021-04,1.33,TO,V305,9372,Ace Chemical Company,992.5373134328358,sa,PAC23
48949,66599,Chemology Pty Ltd,PAC23-1330NR,PAC 23 SOLUTION - 1330KG IBC NR,2021-04,2.0,IBC,S315,66599,Chemology Pty Ltd,2000.0,sa,PAC23
48962,66599,Chemology Pty Ltd,PAC23-1330NR,PAC 23 SOLUTION - 1330KG IBC NR,2021-03,2.0,BOX,S315,66599,Chemology Pty Ltd,2000.0,sa,PAC23
48995,9372,Ace Chemical Company,PAC23-1330NR,PAC 23 SOLUTION - 1330KG IBC NR,2021-02,1.0,IBC,V305,9372,Ace Chemical Company,1000.0,sa,PAC23
49003,9372,Ace Chemical Company,PAC23-1330NR,PAC 23 SOLUTION - 1330KG IBC NR,2021-02,1.33,TO,S315,9372,Ace Chemical Company,992.5373134328358,sa,PAC23
49083,9372,Ace Chemical Company,PAC23-1330NR,PAC 23 SOLUTION - 1330KG IBC NR,2020-10,1.33,TO,S315,9372,Ace Chemical Company,992.5373134328358,sa,PAC23
49106,9372,Ace Chemical Company,PAC23-1330NR,PAC 23 SOLUTION - 1330KG IBC NR,2020-09,1.33,TO,V305,9372,Ace Chemical Company,992.5373134328358,sa,PAC23
49164,21193,Veolia Water Services (ANZ) Pty Ltd,PAC23-1330NR,PAC 23 SOLUTION - 1330KG IBC NR,2020-07,1.33,TO,V305,38775,Blackwood WTP,992.5373134328358,sa,PAC23
49304,9372,Ace Chemical Company,PAC23-1330NR,PAC 23 SOLUTION - 1330KG IBC NR,2018-11,1.0,BOX,V305,9372,Ace Chemical Company,1000.0,sa,PAC23
49313,9372,Ace Chemical Company,PAC23-1330NR,PAC 23 SOLUTION - 1330KG IBC NR,2018-10,1.0,BOX,V305,9372,Ace Chemical Company,1000.0,sa,PAC23
49345,9372,Ace Chemical Company,PAC23-1330NR,PAC 23 SOLUTION - 1330KG IBC NR,2018-06,1.0,BOX,V305,9372,Ace Chemical Company,1000.0,sa,PAC23
49346,9372,Ace Chemical Company,PAC23-1330NR,PAC 23 SOLUTION - 1330KG IBC NR,2018-06,1.0,BOX,V305,9372,Ace Chemical Company,1000.0,sa,PAC23
49353,9372,Ace Chemical Company,PAC23-1330NR,PAC 23 SOLUTION - 1330KG IBC NR,2018-06,1.0,BOX,V305,9372,Ace Chemical Company,1000.0,sa,PAC23
49388,29679,Chesser Chemicals Pty Ltd,PAC23-1330NR,PAC 23 SOLUTION - 1330KG IBC NR,2018-02,2.0,BOX,S315,29679,Chesser Chemicals Pty Ltd,2000.0,sa,PAC23
49391,9372,Ace Chemical Company,PAC23-1330NR,PAC 23 SOLUTION - 1330KG IBC NR,2018-02,1.33,TO,S315,9372,Ace Chemical Company,992.5373134328358,sa,PAC23
49397,29679,Chesser Chemicals Pty Ltd,PAC23-1330NR,PAC 23 SOLUTION - 1330KG IBC NR,2018-01,1.0,BOX,S315,29679,Chesser Chemicals Pty Ltd,1000.0,sa,PAC23
49402,9372,Ace Chemical Company,PAC23-1330NR,PAC 23 SOLUTION - 1330KG IBC NR,2018-01,1.33,TO,V305,9372,Ace Chemical Company,992.5373134328358,sa,PAC23
49403,29679,Chesser Chemicals Pty Ltd,PAC23-1330NR,PAC 23 SOLUTION - 1330KG IBC NR,2018-01,1.0,BOX,S315,29679,Chesser Chemicals Pty Ltd,1000.0,sa,PAC23
49408,29679,Chesser Chemicals Pty Ltd,PAC23-1330NR,PAC 23 SOLUTION - 1330KG IBC NR,2017-12,1.0,BOX,S315,29679,Chesser Chemicals Pty Ltd,1000.0,sa,PAC23
49411,29679,Chesser Chemicals Pty Ltd,PAC23-1330NR,PAC 23 SOLUTION - 1330KG IBC NR,2017-12,1.0,BOX,S315,29679,Chesser Chemicals Pty Ltd,1000.0,sa,PAC23
49427,29679,Chesser Chemicals Pty Ltd,PAC23-1330NR,PAC 23 SOLUTION - 1330KG IBC NR,2017-10,1.33,TO,S315,29679,Chesser Chemicals Pty Ltd,992.5373134328358,sa,PAC23
49443,3837,City Of Tea Tree Gully,PAC23-1330NR,PAC 23 SOLUTION - 1330KG IBC NR,2017-09,1.33,TO,S315,62024,City of Tea tree Gully Works Depot,992.5373134328358,sa,PAC23
49941,9477,SA Water Corporation,PAC23-B,PAC 23 SOLUTION BULK,2021-04,40.0,TO,N118,12514,Morgan WFP,29850.746268656716,sa,PAC23
49951,9477,SA Water Corporation,PAC23-B,PAC 23 SOLUTION BULK,2021-03,330.0,L,S315,55034,​Swan Reach WTP,330.0,sa,PAC23
49952,9477,SA Water Corporation,PAC23-B,PAC 23 SOLUTION BULK,2021-03,480.0,L,S315,12495,Moorook WTP,480.0,sa,PAC23
49953,9477,SA Water Corporation,PAC23-B,PAC 23 SOLUTION BULK,2021-03,456.0,L,S315,12494,Glossop WTP,456.0,sa,PAC23
49954,9477,SA Water Corporation,PAC23-B,PAC 23 SOLUTION BULK,2021-03,1950.0,L,S315,12490,Woolpunda,1950.0,sa,PAC23
49955,9477,SA Water Corporation,PAC23-B,PAC 23 SOLUTION BULK,2021-03,540.0,L,S315,12497,Cadell WTP,540.0,sa,PAC23
49956,9477,SA Water Corporation,PAC23-B,PAC 23 SOLUTION BULK,2021-03,440.0,L,S315,12515,Blanchetown WTP,440.0,sa,PAC23
49958,51745,ALLWATER,PAC23-B,PAC 23 SOLUTION BULK,2021-03,25.0,TO,N118,9505,Myponga (Bulk),18656.716417910447,sa,PAC23
49959,51745,ALLWATER,PAC23-B,PAC 23 SOLUTION BULK,2021-03,25.0,TO,N118,9505,Myponga (Bulk),18656.716417910447,sa,PAC23
49960,9477,SA Water Corporation,PAC23-B,PAC 23 SOLUTION BULK,2021-03,350.0,L,S315,55033,Mypolonga WTP,350.0,sa,PAC23
49961,9477,SA Water Corporation,PAC23-B,PAC 23 SOLUTION BULK,2021-03,1100.0,L,S315,55031,Kanmantoo WTP,1100.0,sa,PAC23
49962,9477,SA Water Corporation,PAC23-B,PAC 23 SOLUTION BULK,2021-03,800.0,L,S315,55032,Palmer WTP,800.0,sa,PAC23
49984,9477,SA Water Corporation,PAC23-B,PAC 23 SOLUTION BULK,2021-01,500.0,L,S315,12510,Cowirra WTP,500.0,sa,PAC23
49985,9477,SA Water Corporation,PAC23-B,PAC 23 SOLUTION BULK,2021-01,400.0,L,S315,55033,Mypolonga WTP,400.0,sa,PAC23
49986,9477,SA Water Corporation,PAC23-B,PAC 23 SOLUTION BULK,2021-01,1200.0,L,S315,55031,Kanmantoo WTP,1200.0,sa,PAC23
49987,9477,SA Water Corporation,PAC23-B,PAC 23 SOLUTION BULK,2021-01,900.0,L,S315,55032,Palmer WTP,900.0,sa,PAC23
49994,51745,ALLWATER,PAC23-B,PAC 23 SOLUTION BULK,2021-01,25.0,TO,N118,9509,Barossa WTP (Bulk),18656.716417910447,sa,PAC23
49995,9477,SA Water Corporation,PAC23-B,PAC 23 SOLUTION BULK,2021-01,280.0,L,S315,51437,Swan Reach Pump Station 3,280.0,sa,PAC23
49996,9477,SA Water Corporation,PAC23-B,PAC 23 SOLUTION BULK,2021-01,640.0,L,S315,12495,Moorook WTP,640.0,sa,PAC23
49997,9477,SA Water Corporation,PAC23-B,PAC 23 SOLUTION BULK,2021-01,576.0,L,S315,12494,Glossop WTP,576.0,sa,PAC23
49998,9477,SA Water Corporation,PAC23-B,PAC 23 SOLUTION BULK,2021-01,1975.0,L,S315,12490,Woolpunda,1975.0,sa,PAC23
49999,9477,SA Water Corporation,PAC23-B,PAC 23 SOLUTION BULK,2021-01,520.0,L,S315,12497,Cadell WTP,520.0,sa,PAC23
50000,9477,SA Water Corporation,PAC23-B,PAC 23 SOLUTION BULK,2021-01,380.0,L,S315,12515,Blanchetown WTP,380.0,sa,PAC23
50007,51745,ALLWATER,PAC23-B,PAC 23 SOLUTION BULK,2021-01,25.98,TO,N118,9509,Barossa WTP (Bulk),19388.059701492537,sa,PAC23
50009,51745,ALLWATER,PAC23-B,PAC 23 SOLUTION BULK,2021-01,24.98,TO,N118,9509,Barossa WTP (Bulk),18641.79104477612,sa,PAC23
50011,51745,ALLWATER,PAC23-B,PAC 23 SOLUTION BULK,2021-01,25.0,TO,N118,9509,Barossa WTP (Bulk),18656.716417910447,sa,PAC23
50012,9477,SA Water Corporation,PAC23-B,PAC 23 SOLUTION BULK,2021-01,1.596,L,S315,55031,Kanmantoo WTP,1.596,sa,PAC23
50013,9477,SA Water Corporation,PAC23-B,PAC 23 SOLUTION BULK,2021-01,1.197,L,S315,55032,Palmer WTP,1.197,sa,PAC23
50014,9477,SA Water Corporation,PAC23-B,PAC 23 SOLUTION BULK,2021-01,0.266,L,S315,12510,Cowirra WTP,0.266,sa,PAC23
50015,9477,SA Water Corporation,PAC23-B,PAC 23 SOLUTION BULK,2021-01,0.831,L,S315,55033,Mypolonga WTP,0.831,sa,PAC23
50025,9477,SA Water Corporation,PAC23-B,PAC 23 SOLUTION BULK,2020-12,1200.0,L,S315,55031,Kanmantoo WTP,1200.0,sa,PAC23
50026,9477,SA Water Corporation,PAC23-B,PAC 23 SOLUTION BULK,2020-12,900.0,L,S315,55032,Palmer WTP,900.0,sa,PAC23
50027,9477,SA Water Corporation,PAC23-B,PAC 23 SOLUTION BULK,2020-12,200.0,L,S315,12510,Cowirra WTP,200.0,sa,PAC23
50028,9477,SA Water Corporation,PAC23-B,PAC 23 SOLUTION BULK,2020-12,625.0,L,S315,55033,Mypolonga WTP,625.0,sa,PAC23
50030,9477,SA Water Corporation,PAC23-B,PAC 23 SOLUTION BULK,2020-12,500.0,L,S315,55033,Mypolonga WTP,500.0,sa,PAC23
50031,9477,SA Water Corporation,PAC23-B,PAC 23 SOLUTION BULK,2020-12,1150.0,L,S315,55031,Kanmantoo WTP,1150.0,sa,PAC23
50032,9477,SA Water Corporation,PAC23-B,PAC 23 SOLUTION BULK,2020-12,900.0,L,S315,55032,Palmer WTP,900.0,sa,PAC23
50033,9477,SA Water Corporation,PAC23-B,PAC 23 SOLUTION BULK,2020-12,250.0,L,S315,12510,Cowirra WTP,250.0,sa,PAC23
50045,51745,ALLWATER,PAC23-B,PAC 23 SOLUTION BULK,2020-11,25.0,TO,N118,9510,Hope Valley Plant (Bulk),18656.716417910447,sa,PAC23
50046,51745,ALLWATER,PAC23-B,PAC 23 SOLUTION BULK,2020-11,25.0,TO,N118,9510,Hope Valley Plant (Bulk),18656.716417910447,sa,PAC23
50051,51745,ALLWATER,PAC23-B,PAC 23 SOLUTION BULK,2020-11,25.0,TO,N118,9509,Barossa WTP (Bulk),18656.716417910447,sa,PAC23
50057,9477,SA Water Corporation,PAC23-B,PAC 23 SOLUTION BULK,2020-10,1880.0,L,S315,12490,Woolpunda,1880.0,sa,PAC23
50059,9477,SA Water Corporation,PAC23-B,PAC 23 SOLUTION BULK,2020-10,38.0,TO,N118,12514,Morgan WFP,28358.20895522388,sa,PAC23
50060,9477,SA Water Corporation,PAC23-B,PAC 23 SOLUTION BULK,2020-10,2749.62,L,S315,12490,Woolpunda,2749.62,sa,PAC23
50065,9477,SA Water Corporation,PAC23-B,PAC 23 SOLUTION BULK,2020-10,380.0,L,S315,51437,Swan Reach Pump Station 3,380.0,sa,PAC23
50066,9477,SA Water Corporation,PAC23-B,PAC 23 SOLUTION BULK,2020-10,570.0,L,S315,12495,Moorook WTP,570.0,sa,PAC23
50067,9477,SA Water Corporation,PAC23-B,PAC 23 SOLUTION BULK,2020-10,600.0,L,S315,12494,Glossop WTP,600.0,sa,PAC23
50068,9477,SA Water Corporation,PAC23-B,PAC 23 SOLUTION BULK,2020-10,2500.0,L,S315,12490,Woolpunda,2500.0,sa,PAC23
50069,9477,SA Water Corporation,PAC23-B,PAC 23 SOLUTION BULK,2020-10,450.0,L,S315,12497,Cadell WTP,450.0,sa,PAC23
50070,9477,SA Water Corporation,PAC23-B,PAC 23 SOLUTION BULK,2020-10,400.0,L,S315,12515,Blanchetown WTP,400.0,sa,PAC23
50072,51745,ALLWATER,PAC23-B,PAC 23 SOLUTION BULK,2020-09,25.0,TO,N118,9509,Barossa WTP (Bulk),18656.716417910447,sa,PAC23
50073,51745,ALLWATER,PAC23-B,PAC 23 SOLUTION BULK,2020-09,25.0,TO,N118,9505,Myponga (Bulk),18656.716417910447,sa,PAC23
50075,9477,SA Water Corporation,PAC23-B,PAC 23 SOLUTION BULK,2020-09,25.0,TO,N118,12514,Morgan WFP,18656.716417910447,sa,PAC23
50080,9477,SA Water Corporation,PAC23-B,PAC 23 SOLUTION BULK,2020-09,38.0,TO,N118,12514,Morgan WFP,28358.20895522388,sa,PAC23
50081,9477,SA Water Corporation,PAC23-B,PAC 23 SOLUTION BULK,2020-09,250.0,L,S315,12510,Cowirra WTP,250.0,sa,PAC23
50082,9477,SA Water Corporation,PAC23-B,PAC 23 SOLUTION BULK,2020-09,650.0,L,S315,55033,Mypolonga WTP,650.0,sa,PAC23
50083,9477,SA Water Corporation,PAC23-B,PAC 23 SOLUTION BULK,2020-09,950.0,L,S315,55031,Kanmantoo WTP,950.0,sa,PAC23
50084,9477,SA Water Corporation,PAC23-B,PAC 23 SOLUTION BULK,2020-09,900.0,L,S315,55032,Palmer WTP,900.0,sa,PAC23
50087,51745,ALLWATER,PAC23-B,PAC 23 SOLUTION BULK,2020-08,25.0,TO,N118,9505,Myponga (Bulk),18656.716417910447,sa,PAC23
50092,9477,SA Water Corporation,PAC23-B,PAC 23 SOLUTION BULK,2020-08,40.0,TO,N118,12514,Morgan WFP,29850.746268656716,sa,PAC23
50096,9477,SA Water Corporation,PAC23-B,PAC 23 SOLUTION BULK,2020-08,40.0,TO,N118,12514,Morgan WFP,29850.746268656716,sa,PAC23
50100,9477,SA Water Corporation,PAC23-B,PAC 23 SOLUTION BULK,2020-07,25.0,TO,N118,12514,Morgan WFP,18656.716417910447,sa,PAC23
50106,9477,SA Water Corporation,PAC23-B,PAC 23 SOLUTION BULK,2020-07,41.0,TO,N118,12514,Morgan WFP,30597.014925373136,sa,PAC23
50112,9477,SA Water Corporation,PAC23-B,PAC 23 SOLUTION BULK,2020-07,38.0,TO,N118,12514,Morgan WFP,28358.20895522388,sa,PAC23
50116,9477,SA Water Corporation,PAC23-B,PAC 23 SOLUTION BULK,2020-06,38.0,TO,N118,12514,Morgan WFP,28358.20895522388,sa,PAC23
50123,9477,SA Water Corporation,PAC23-B,PAC 23 SOLUTION BULK,2020-06,38.0,TO,N118,12514,Morgan WFP,28358.20895522388,sa,PAC23
50126,9477,SA Water Corporation,PAC23-B,PAC 23 SOLUTION BULK,2020-05,38.0,TO,N118,12514,Morgan WFP,28358.20895522388,sa,PAC23
50138,9477,SA Water Corporation,PAC23-B,PAC 23 SOLUTION BULK,2020-04,450.0,L,S315,55034,​Swan Reach WTP,450.0,sa,PAC23
50139,9477,SA Water Corporation,PAC23-B,PAC 23 SOLUTION BULK,2020-04,380.0,L,S315,12495,Moorook WTP,380.0,sa,PAC23
50140,9477,SA Water Corporation,PAC23-B,PAC 23 SOLUTION BULK,2020-04,432.0,L,S315,12494,Glossop WTP,432.0,sa,PAC23
50141,9477,SA Water Corporation,PAC23-B,PAC 23 SOLUTION BULK,2020-04,2125.0,L,S315,12490,Woolpunda,2125.0,sa,PAC23
50142,9477,SA Water Corporation,PAC23-B,PAC 23 SOLUTION BULK,2020-04,300.0,L,S315,12497,Cadell WTP,300.0,sa,PAC23
50143,9477,SA Water Corporation,PAC23-B,PAC 23 SOLUTION BULK,2020-04,250.0,L,S315,12515,Blanchetown WTP,250.0,sa,PAC23
50155,9477,SA Water Corporation,PAC23-B,PAC 23 SOLUTION BULK,2020-04,400.0,L,S315,55033,Mypolonga WTP,400.0,sa,PAC23
50156,9477,SA Water Corporation,PAC23-B,PAC 23 SOLUTION BULK,2020-04,1000.0,L,S315,55031,Kanmantoo WTP,1000.0,sa,PAC23
50157,9477,SA Water Corporation,PAC23-B,PAC 23 SOLUTION BULK,2020-04,850.0,L,S315,55032,Palmer WTP,850.0,sa,PAC23
50188,9477,SA Water Corporation,PAC23-B,PAC 23 SOLUTION BULK,2020-02,570.0,L,S315,12495,Moorook WTP,570.0,sa,PAC23
50189,9477,SA Water Corporation,PAC23-B,PAC 23 SOLUTION BULK,2020-02,492.0,L,S315,12494,Glossop WTP,492.0,sa,PAC23
50190,9477,SA Water Corporation,PAC23-B,PAC 23 SOLUTION BULK,2020-02,410.0,L,S315,12497,Cadell WTP,410.0,sa,PAC23
50191,9477,SA Water Corporation,PAC23-B,PAC 23 SOLUTION BULK,2020-02,420.0,L,S315,12515,Blanchetown WTP,420.0,sa,PAC23
50192,9477,SA Water Corporation,PAC23-B,PAC 23 SOLUTION BULK,2020-02,2450.0,L,S315,12490,Woolpunda,2450.0,sa,PAC23
50204,9477,SA Water Corporation,PAC23-B,PAC 23 SOLUTION BULK,2020-01,500.0,L,S315,55033,Mypolonga WTP,500.0,sa,PAC23
50205,9477,SA Water Corporation,PAC23-B,PAC 23 SOLUTION BULK,2020-01,1300.0,L,S315,55031,Kanmantoo WTP,1300.0,sa,PAC23
50206,9477,SA Water Corporation,PAC23-B,PAC 23 SOLUTION BULK,2020-01,1200.0,L,S315,55032,Palmer WTP,1200.0,sa,PAC23
50228,9477,SA Water Corporation,PAC23-B,PAC 23 SOLUTION BULK,2019-11,680.0,L,S315,55034,​Swan Reach WTP,680.0,sa,PAC23
50229,9477,SA Water Corporation,PAC23-B,PAC 23 SOLUTION BULK,2019-11,480.0,L,S315,12495,Moorook WTP,480.0,sa,PAC23
50230,9477,SA Water Corporation,PAC23-B,PAC 23 SOLUTION BULK,2019-11,492.0,L,S315,12494,Glossop WTP,492.0,sa,PAC23
50231,9477,SA Water Corporation,PAC23-B,PAC 23 SOLUTION BULK,2019-11,390.0,L,S315,12497,Cadell WTP,390.0,sa,PAC23
50232,9477,SA Water Corporation,PAC23-B,PAC 23 SOLUTION BULK,2019-11,290.0,L,S315,12515,Blanchetown WTP,290.0,sa,PAC23
50233,9477,SA Water Corporation,PAC23-B,PAC 23 SOLUTION BULK,2019-11,2175.0,L,S315,12490,Woolpunda,2175.0,sa,PAC23
50240,51745,ALLWATER,PAC23-B,PAC 23 SOLUTION BULK,2019-11,23.0,TO,N118,9510,Hope Valley Plant (Bulk),17164.17910447761,sa,PAC23
50243,9477,SA Water Corporation,PAC23-B,PAC 23 SOLUTION BULK,2019-11,600.0,L,S315,55033,Mypolonga WTP,600.0,sa,PAC23
50244,9477,SA Water Corporation,PAC23-B,PAC 23 SOLUTION BULK,2019-11,1250.0,L,S315,55031,Kanmantoo WTP,1250.0,sa,PAC23
50245,9477,SA Water Corporation,PAC23-B,PAC 23 SOLUTION BULK,2019-11,900.0,L,S315,55032,Palmer WTP,900.0,sa,PAC23
50250,51745,ALLWATER,PAC23-B,PAC 23 SOLUTION BULK,2019-10,23.0,TO,N118,9510,Hope Valley Plant (Bulk),17164.17910447761,sa,PAC23
50257,51745,ALLWATER,PAC23-B,PAC 23 SOLUTION BULK,2019-10,25.0,TO,N118,9510,Hope Valley Plant (Bulk),18656.716417910447,sa,PAC23
50272,9477,SA Water Corporation,PAC23-B,PAC 23 SOLUTION BULK,2019-08,340.0,L,S315,12495,Moorook WTP,340.0,sa,PAC23
50273,9477,SA Water Corporation,PAC23-B,PAC 23 SOLUTION BULK,2019-08,408.0,L,S315,12494,Glossop WTP,408.0,sa,PAC23
50274,9477,SA Water Corporation,PAC23-B,PAC 23 SOLUTION BULK,2019-08,1975.0,L,S315,12490,Woolpunda,1975.0,sa,PAC23
50275,9477,SA Water Corporation,PAC23-B,PAC 23 SOLUTION BULK,2019-08,450.0,L,S315,12497,Cadell WTP,450.0,sa,PAC23
50276,9477,SA Water Corporation,PAC23-B,PAC 23 SOLUTION BULK,2019-08,360.0,L,S315,12515,Blanchetown WTP,360.0,sa,PAC23
50305,9477,SA Water Corporation,PAC23-B,PAC 23 SOLUTION BULK,2019-06,410.0,L,S315,55034,​Swan Reach WTP,410.0,sa,PAC23
50306,9477,SA Water Corporation,PAC23-B,PAC 23 SOLUTION BULK,2019-06,300.0,L,S315,12510,Cowirra WTP,300.0,sa,PAC23
50307,9477,SA Water Corporation,PAC23-B,PAC 23 SOLUTION BULK,2019-06,700.0,L,S315,55033,Mypolonga WTP,700.0,sa,PAC23
50308,9477,SA Water Corporation,PAC23-B,PAC 23 SOLUTION BULK,2019-06,850.0,L,S315,55031,Kanmantoo WTP,850.0,sa,PAC23
50309,9477,SA Water Corporation,PAC23-B,PAC 23 SOLUTION BULK,2019-06,380.0,L,S315,55032,Palmer WTP,380.0,sa,PAC23
50317,9477,SA Water Corporation,PAC23-B,PAC 23 SOLUTION BULK,2019-05,390.0,L,S315,12495,Moorook WTP,390.0,sa,PAC23
50318,9477,SA Water Corporation,PAC23-B,PAC 23 SOLUTION BULK,2019-05,516.0,L,S315,12494,Glossop WTP,516.0,sa,PAC23
50319,9477,SA Water Corporation,PAC23-B,PAC 23 SOLUTION BULK,2019-05,760.0,L,S315,12497,Cadell WTP,760.0,sa,PAC23
50320,9477,SA Water Corporation,PAC23-B,PAC 23 SOLUTION BULK,2019-05,480.0,L,S315,12515,Blanchetown WTP,480.0,sa,PAC23
50321,9477,SA Water Corporation,PAC23-B,PAC 23 SOLUTION BULK,2019-05,1250.0,L,S315,12490,Woolpunda,1250.0,sa,PAC23
50345,9477,SA Water Corporation,PAC23-B,PAC 23 SOLUTION BULK,2019-03,600.0,L,S315,55033,Mypolonga WTP,600.0,sa,PAC23
50346,9477,SA Water Corporation,PAC23-B,PAC 23 SOLUTION BULK,2019-03,1200.0,L,S315,55031,Kanmantoo WTP,1200.0,sa,PAC23
50347,9477,SA Water Corporation,PAC23-B,PAC 23 SOLUTION BULK,2019-03,800.0,L,S315,55032,Palmer WTP,800.0,sa,PAC23
50351,9477,SA Water Corporation,PAC23-B,PAC 23 SOLUTION BULK,2019-03,600.0,L,S315,12495,Moorook WTP,600.0,sa,PAC23
50352,9477,SA Water Corporation,PAC23-B,PAC 23 SOLUTION BULK,2019-03,744.0,L,S315,12494,Glossop WTP,744.0,sa,PAC23
50353,9477,SA Water Corporation,PAC23-B,PAC 23 SOLUTION BULK,2019-03,1425.0,L,S315,12490,Woolpunda,1425.0,sa,PAC23
50368,9477,SA Water Corporation,PAC23-B,PAC 23 SOLUTION BULK,2019-02,1875.0,L,S315,12490,Woolpunda,1875.0,sa,PAC23
50377,9477,SA Water Corporation,PAC23-B,PAC 23 SOLUTION BULK,2019-01,1500.0,L,S315,12490,Woolpunda,1500.0,sa,PAC23
50378,9477,SA Water Corporation,PAC23-B,PAC 23 SOLUTION BULK,2019-01,510.0,L,S315,12497,Cadell WTP,510.0,sa,PAC23
50379,9477,SA Water Corporation,PAC23-B,PAC 23 SOLUTION BULK,2019-01,500.0,L,S315,12515,Blanchetown WTP,500.0,sa,PAC23
50380,9477,SA Water Corporation,PAC23-B,PAC 23 SOLUTION BULK,2019-01,1875.0,L,S315,12490,Woolpunda,1875.0,sa,PAC23
50390,9477,SA Water Corporation,PAC23-B,PAC 23 SOLUTION BULK,2019-01,450.0,L,S315,55034,​Swan Reach WTP,450.0,sa,PAC23
50391,9477,SA Water Corporation,PAC23-B,PAC 23 SOLUTION BULK,2019-01,500.0,L,S315,12510,Cowirra WTP,500.0,sa,PAC23
50392,9477,SA Water Corporation,PAC23-B,PAC 23 SOLUTION BULK,2019-01,519.0,L,S315,55033,Mypolonga WTP,519.0,sa,PAC23
50393,9477,SA Water Corporation,PAC23-B,PAC 23 SOLUTION BULK,2019-01,855.0,L,S315,55031,Kanmantoo WTP,855.0,sa,PAC23
50394,9477,SA Water Corporation,PAC23-B,PAC 23 SOLUTION BULK,2019-01,700.0,L,S315,55032,Palmer WTP,700.0,sa,PAC23
50411,9477,SA Water Corporation,PAC23-B,PAC 23 SOLUTION BULK,2018-12,440.0,L,S315,12495,Moorook WTP,440.0,sa,PAC23
50412,9477,SA Water Corporation,PAC23-B,PAC 23 SOLUTION BULK,2018-12,504.0,L,S315,12494,Glossop WTP,504.0,sa,PAC23
50413,9477,SA Water Corporation,PAC23-B,PAC 23 SOLUTION BULK,2018-12,520.0,L,S315,12497,Cadell WTP,520.0,sa,PAC23
50414,9477,SA Water Corporation,PAC23-B,PAC 23 SOLUTION BULK,2018-12,270.0,L,S315,12515,Blanchetown WTP,270.0,sa,PAC23
50415,9477,SA Water Corporation,PAC23-B,PAC 23 SOLUTION BULK,2018-12,1475.0,L,S315,12490,Woolpunda,1475.0,sa,PAC23
50423,9477,SA Water Corporation,PAC23-B,PAC 23 SOLUTION BULK,2018-11,500.0,L,S315,55033,Mypolonga WTP,500.0,sa,PAC23
50424,9477,SA Water Corporation,PAC23-B,PAC 23 SOLUTION BULK,2018-11,1250.0,L,S315,55031,Kanmantoo WTP,1250.0,sa,PAC23
50425,9477,SA Water Corporation,PAC23-B,PAC 23 SOLUTION BULK,2018-11,650.0,L,S315,55032,Palmer WTP,650.0,sa,PAC23
50442,9477,SA Water Corporation,PAC23-B,PAC 23 SOLUTION BULK,2018-09,1375.0,L,S315,12490,Woolpunda,1375.0,sa,PAC23
50454,9477,SA Water Corporation,PAC23-B,PAC 23 SOLUTION BULK,2018-07,410.0,L,S315,12495,Moorook WTP,410.0,sa,PAC23
50455,9477,SA Water Corporation,PAC23-B,PAC 23 SOLUTION BULK,2018-07,468.0,L,S315,12494,Glossop WTP,468.0,sa,PAC23
50456,9477,SA Water Corporation,PAC23-B,PAC 23 SOLUTION BULK,2018-07,1700.0,L,S315,12490,Woolpunda,1700.0,sa,PAC23
50457,9477,SA Water Corporation,PAC23-B,PAC 23 SOLUTION BULK,2018-07,330.0,L,S315,12497,Cadell WTP,330.0,sa,PAC23
50458,9477,SA Water Corporation,PAC23-B,PAC 23 SOLUTION BULK,2018-07,230.0,L,S315,12515,Blanchetown WTP,230.0,sa,PAC23
50459,9477,SA Water Corporation,PAC23-B,PAC 23 SOLUTION BULK,2018-07,600.0,L,S315,55034,​Swan Reach WTP,600.0,sa,PAC23
50460,9477,SA Water Corporation,PAC23-B,PAC 23 SOLUTION BULK,2018-07,700.0,L,S315,12510,Cowirra WTP,700.0,sa,PAC23
50461,9477,SA Water Corporation,PAC23-B,PAC 23 SOLUTION BULK,2018-07,450.0,L,S315,55033,Mypolonga WTP,450.0,sa,PAC23
50462,9477,SA Water Corporation,PAC23-B,PAC 23 SOLUTION BULK,2018-07,900.0,L,S315,55031,Kanmantoo WTP,900.0,sa,PAC23
50463,9477,SA Water Corporation,PAC23-B,PAC 23 SOLUTION BULK,2018-07,600.0,L,S315,55032,Palmer WTP,600.0,sa,PAC23
50477,9477,SA Water Corporation,PAC23-B,PAC 23 SOLUTION BULK,2018-05,1750.0,L,S315,12490,Woolpunda,1750.0,sa,PAC23
50482,9477,SA Water Corporation,PAC23-B,PAC 23 SOLUTION BULK,2018-04,0.37118,TO,S315,12515,Blanchetown WTP,277.0,sa,PAC23
50483,9477,SA Water Corporation,PAC23-B,PAC 23 SOLUTION BULK,2018-04,0.50384,TO,S315,12497,Cadell WTP,376.0,sa,PAC23
50484,9477,SA Water Corporation,PAC23-B,PAC 23 SOLUTION BULK,2018-04,0.7637999999999999,TO,S315,12495,Moorook WTP,570.0,sa,PAC23
50485,9477,SA Water Corporation,PAC23-B,PAC 23 SOLUTION BULK,2018-04,0.8777,TO,S315,12494,Glossop WTP,655.0,sa,PAC23
50486,9477,SA Water Corporation,PAC23-B,PAC 23 SOLUTION BULK,2018-04,500.0,L,S315,55033,Mypolonga WTP,500.0,sa,PAC23
50487,9477,SA Water Corporation,PAC23-B,PAC 23 SOLUTION BULK,2018-04,1200.0,L,S315,55031,Kanmantoo WTP,1200.0,sa,PAC23
50488,9477,SA Water Corporation,PAC23-B,PAC 23 SOLUTION BULK,2018-04,950.0,L,S315,55032,Palmer WTP,950.0,sa,PAC23
50492,9477,SA Water Corporation,PAC23-B,PAC 23 SOLUTION BULK,2018-04,1.876,TO,S315,12490,Woolpunda,1400.0,sa,PAC23
50500,9477,SA Water Corporation,PAC23-B,PAC 23 SOLUTION BULK,2018-03,0.368,TO,S315,12515,Blanchetown WTP,274.6268656716418,sa,PAC23
50501,9477,SA Water Corporation,PAC23-B,PAC 23 SOLUTION BULK,2018-03,0.504,TO,S315,12497,Cadell WTP,376.11940298507466,sa,PAC23
50502,9477,SA Water Corporation,PAC23-B,PAC 23 SOLUTION BULK,2018-03,0.758,TO,S315,12495,Moorook WTP,565.6716417910447,sa,PAC23
50503,9477,SA Water Corporation,PAC23-B,PAC 23 SOLUTION BULK,2018-03,0.871,TO,S315,12494,Glossop WTP,650.0,sa,PAC23
50504,9477,SA Water Corporation,PAC23-B,PAC 23 SOLUTION BULK,2018-03,1.862,TO,S315,12490,Woolpunda,1389.5522388059703,sa,PAC23
50505,9477,SA Water Corporation,PAC23-B,PAC 23 SOLUTION BULK,2018-03,560.0,L,S315,12495,Moorook WTP,560.0,sa,PAC23
50506,9477,SA Water Corporation,PAC23-B,PAC 23 SOLUTION BULK,2018-03,696.0,L,S315,12494,Glossop WTP,696.0,sa,PAC23
50507,9477,SA Water Corporation,PAC23-B,PAC 23 SOLUTION BULK,2018-03,410.0,L,S315,12497,Cadell WTP,410.0,sa,PAC23
50508,9477,SA Water Corporation,PAC23-B,PAC 23 SOLUTION BULK,2018-03,340.0,L,S315,12515,Blanchetown WTP,340.0,sa,PAC23
50509,9477,SA Water Corporation,PAC23-B,PAC 23 SOLUTION BULK,2018-03,1750.0,L,S315,12490,Woolpunda,1750.0,sa,PAC23
50523,9477,SA Water Corporation,PAC23-B,PAC 23 SOLUTION BULK,2018-02,2000.0,L,S315,12490,Woolpunda,2000.0,sa,PAC23
50524,9477,SA Water Corporation,PAC23-B,PAC 23 SOLUTION BULK,2018-02,1050.0,L,S315,55032,Palmer WTP,1050.0,sa,PAC23
50525,9477,SA Water Corporation,PAC23-B,PAC 23 SOLUTION BULK,2018-02,1550.0,L,S315,55031,Kanmantoo WTP,1550.0,sa,PAC23
50526,9477,SA Water Corporation,PAC23-B,PAC 23 SOLUTION BULK,2018-02,750.0,L,S315,55033,Mypolonga WTP,750.0,sa,PAC23
50529,9477,SA Water Corporation,PAC23-B,PAC 23 SOLUTION BULK,2018-01,550.0,L,S315,55033,Mypolonga WTP,550.0,sa,PAC23
50530,9477,SA Water Corporation,PAC23-B,PAC 23 SOLUTION BULK,2018-01,1200.0,L,S315,55031,Kanmantoo WTP,1200.0,sa,PAC23
50531,9477,SA Water Corporation,PAC23-B,PAC 23 SOLUTION BULK,2018-01,900.0,L,S315,55032,Palmer WTP,900.0,sa,PAC23
50541,9477,SA Water Corporation,PAC23-B,PAC 23 SOLUTION BULK,2017-12,330.0,L,S315,12495,Moorook WTP,330.0,sa,PAC23
50542,9477,SA Water Corporation,PAC23-B,PAC 23 SOLUTION BULK,2017-12,396.0,L,S315,12494,Glossop WTP,396.0,sa,PAC23
50543,9477,SA Water Corporation,PAC23-B,PAC 23 SOLUTION BULK,2017-12,390.0,L,S315,12497,Cadell WTP,390.0,sa,PAC23
50544,9477,SA Water Corporation,PAC23-B,PAC 23 SOLUTION BULK,2017-12,210.0,L,S315,12515,Blanchetown WTP,210.0,sa,PAC23
50545,9477,SA Water Corporation,PAC23-B,PAC 23 SOLUTION BULK,2017-12,1675.0,L,S315,12490,Woolpunda,1675.0,sa,PAC23
50552,9477,SA Water Corporation,PAC23-B,PAC 23 SOLUTION BULK,2017-11,1.139,TO,S315,55033,Mypolonga WTP,850.0,sa,PAC23
50553,9477,SA Water Corporation,PAC23-B,PAC 23 SOLUTION BULK,2017-11,1.085,TO,S315,55031,Kanmantoo WTP,809.7014925373135,sa,PAC23
50554,9477,SA Water Corporation,PAC23-B,PAC 23 SOLUTION BULK,2017-11,1.206,TO,S315,55032,Palmer WTP,900.0,sa,PAC23
50571,9477,SA Water Corporation,PAC23-B,PAC 23 SOLUTION BULK,2017-10,0.000985,TO,S315,55031,Kanmantoo WTP,0.7350746268656716,sa,PAC23
50573,9477,SA Water Corporation,PAC23-B,PAC 23 SOLUTION BULK,2017-09,0.985,TO,S315,55031,Kanmantoo WTP,735.0746268656717,sa,PAC23
50574,9477,SA Water Corporation,PAC23-B,PAC 23 SOLUTION BULK,2017-09,0.67,TO,S315,12495,Moorook WTP,500.00000000000006,sa,PAC23
50575,9477,SA Water Corporation,PAC23-B,PAC 23 SOLUTION BULK,2017-09,1.013,TO,S315,12494,Glossop WTP,755.9701492537313,sa,PAC23
50576,9477,SA Water Corporation,PAC23-B,PAC 23 SOLUTION BULK,2017-09,2.177,TO,S315,12490,Woolpunda,1624.6268656716418,sa,PAC23
50577,9477,SA Water Corporation,PAC23-B,PAC 23 SOLUTION BULK,2017-09,0.777,TO,S315,12497,Cadell WTP,579.8507462686567,sa,PAC23
50578,9477,SA Water Corporation,PAC23-B,PAC 23 SOLUTION BULK,2017-09,0.469,TO,S315,12515,Blanchetown WTP,350.0,sa,PAC23
50580,9477,SA Water Corporation,PAC23-B,PAC 23 SOLUTION BULK,2017-09,0.657,TO,S315,55034,​Swan Reach WTP,490.2985074626866,sa,PAC23
50581,9477,SA Water Corporation,PAC23-B,PAC 23 SOLUTION BULK,2017-09,0.496,TO,S315,12510,Cowirra WTP,370.14925373134326,sa,PAC23
50582,9477,SA Water Corporation,PAC23-B,PAC 23 SOLUTION BULK,2017-09,0.898,TO,S315,55033,Mypolonga WTP,670.1492537313433,sa,PAC23
50583,9477,SA Water Corporation,PAC23-B,PAC 23 SOLUTION BULK,2017-09,1.005,TO,S315,55031,Kanmantoo WTP,749.9999999999999,sa,PAC23
50584,9477,SA Water Corporation,PAC23-B,PAC 23 SOLUTION BULK,2017-09,1.099,TO,S315,55032,Palmer WTP,820.1492537313433,sa,PAC23
50588,3837,City Of Tea Tree Gully,PAC23-B,PAC 23 SOLUTION BULK,2017-09,1.33,TO,S315,51465,Golden Grove WWTP,992.5373134328358,sa,PAC23
50607,9477,SA Water Corporation,PAC23-B,PAC 23 SOLUTION BULK,2017-06,0.603,TO,S315,55033,Mypolonga WTP,450.0,sa,PAC23
50608,9477,SA Water Corporation,PAC23-B,PAC 23 SOLUTION BULK,2017-06,1.541,TO,S315,55031,Kanmantoo WTP,1150.0,sa,PAC23
50609,9477,SA Water Corporation,PAC23-B,PAC 23 SOLUTION BULK,2017-06,1.541,TO,S315,55032,Palmer WTP,1150.0,sa,PAC23
50615,9477,SA Water Corporation,PAC23-B,PAC 23 SOLUTION BULK,2017-06,2.345,TO,S315,12490,Woolpunda,1750.0000000000002,sa,PAC23
50620,21193,Veolia Water Services (ANZ) Pty Ltd,PAC23-B,PAC 23 SOLUTION BULK,2017-05,25.0,TO,N118,38777,White Swan WTP,18656.716417910447,sa,PAC23
50624,21193,Veolia Water Services (ANZ) Pty Ltd,PAC23-B,PAC 23 SOLUTION BULK,2017-05,25.0,TO,N118,38777,White Swan WTP,18656.716417910447,sa,PAC23
50634,21193,Veolia Water Services (ANZ) Pty Ltd,PAC23-B,PAC 23 SOLUTION BULK,2017-04,25.0,TO,N118,38777,White Swan WTP,18656.716417910447,sa,PAC23
50636,21193,Veolia Water Services (ANZ) Pty Ltd,PAC23-B,PAC 23 SOLUTION BULK,2017-04,25.0,TO,N118,38776,Lal Lal WTP,18656.716417910447,sa,PAC23
50637,9477,SA Water Corporation,PAC23-B,PAC 23 SOLUTION BULK,2017-04,0.322,TO,S315,55034,​Swan Reach WTP,240.2985074626866,sa,PAC23
50638,9477,SA Water Corporation,PAC23-B,PAC 23 SOLUTION BULK,2017-04,0.308,TO,S315,12510,Cowirra WTP,229.8507462686567,sa,PAC23
50639,9477,SA Water Corporation,PAC23-B,PAC 23 SOLUTION BULK,2017-04,0.449,TO,S315,55033,Mypolonga WTP,335.07462686567163,sa,PAC23
50640,9477,SA Water Corporation,PAC23-B,PAC 23 SOLUTION BULK,2017-04,1.688,TO,S315,55031,Kanmantoo WTP,1259.7014925373135,sa,PAC23
50641,9477,SA Water Corporation,PAC23-B,PAC 23 SOLUTION BULK,2017-04,1.226,TO,S315,55032,Palmer WTP,914.9253731343283,sa,PAC23
50644,9477,SA Water Corporation,PAC23-B,PAC 23 SOLUTION BULK,2017-04,0.434,TO,S315,12495,Moorook WTP,323.8805970149254,sa,PAC23
50645,9477,SA Water Corporation,PAC23-B,PAC 23 SOLUTION BULK,2017-04,0.67,TO,S315,12494,Glossop WTP,500.00000000000006,sa,PAC23
50646,9477,SA Water Corporation,PAC23-B,PAC 23 SOLUTION BULK,2017-04,0.665,TO,S315,12497,Cadell WTP,496.2686567164179,sa,PAC23
50647,9477,SA Water Corporation,PAC23-B,PAC 23 SOLUTION BULK,2017-04,0.572,TO,S315,12515,Blanchetown WTP,426.86567164179104,sa,PAC23
50648,9477,SA Water Corporation,PAC23-B,PAC 23 SOLUTION BULK,2017-04,2.261,TO,S315,12490,Woolpunda,1687.313432835821,sa,PAC23
50652,21193,Veolia Water Services (ANZ) Pty Ltd,PAC23-B,PAC 23 SOLUTION BULK,2017-03,25.0,TO,N118,38776,Lal Lal WTP,18656.716417910447,sa,PAC23
50656,21193,Veolia Water Services (ANZ) Pty Ltd,PAC23-B,PAC 23 SOLUTION BULK,2017-03,25.0,TO,N118,38776,Lal Lal WTP,18656.716417910447,sa,PAC23
50660,21193,Veolia Water Services (ANZ) Pty Ltd,PAC23-B,PAC 23 SOLUTION BULK,2017-03,25.0,TO,N118,38776,Lal Lal WTP,18656.716417910447,sa,PAC23
50664,21193,Veolia Water Services (ANZ) Pty Ltd,PAC23-B,PAC 23 SOLUTION BULK,2017-03,25.0,TO,N118,38777,White Swan WTP,18656.716417910447,sa,PAC23
50670,9477,SA Water Corporation,PAC23-B,PAC 23 SOLUTION BULK,2017-03,0.737,TO,S315,55034,​Swan Reach WTP,550.0,sa,PAC23
50671,9477,SA Water Corporation,PAC23-B,PAC 23 SOLUTION BULK,2017-03,0.67,TO,S315,12510,Cowirra WTP,500.00000000000006,sa,PAC23
50672,9477,SA Water Corporation,PAC23-B,PAC 23 SOLUTION BULK,2017-03,0.603,TO,S315,55033,Mypolonga WTP,450.0,sa,PAC23
50673,9477,SA Water Corporation,PAC23-B,PAC 23 SOLUTION BULK,2017-03,1.809,TO,S315,55031,Kanmantoo WTP,1350.0,sa,PAC23
50674,9477,SA Water Corporation,PAC23-B,PAC 23 SOLUTION BULK,2017-03,1.139,TO,S315,55032,Palmer WTP,850.0,sa,PAC23
50676,21193,Veolia Water Services (ANZ) Pty Ltd,PAC23-B,PAC 23 SOLUTION BULK,2017-03,25.0,TO,N118,38776,Lal Lal WTP,18656.716417910447,sa,PAC23
50685,21193,Veolia Water Services (ANZ) Pty Ltd,PAC23-B,PAC 23 SOLUTION BULK,2017-02,25.0,TO,N118,38776,Lal Lal WTP,18656.716417910447,sa,PAC23
50686,21193,Veolia Water Services (ANZ) Pty Ltd,PAC23-B,PAC 23 SOLUTION BULK,2017-02,25.0,TO,N118,38777,White Swan WTP,18656.716417910447,sa,PAC23
50687,9477,SA Water Corporation,PAC23-B,PAC 23 SOLUTION BULK,2017-02,0.871,TO,S315,55033,Mypolonga WTP,650.0,sa,PAC23
50688,9477,SA Water Corporation,PAC23-B,PAC 23 SOLUTION BULK,2017-02,1.876,TO,S315,55031,Kanmantoo WTP,1400.0,sa,PAC23
50689,9477,SA Water Corporation,PAC23-B,PAC 23 SOLUTION BULK,2017-02,1.206,TO,S315,55032,Palmer WTP,900.0,sa,PAC23
50693,21193,Veolia Water Services (ANZ) Pty Ltd,PAC23-B,PAC 23 SOLUTION BULK,2017-02,25.0,TO,N118,38776,Lal Lal WTP,18656.716417910447,sa,PAC23
50702,21193,Veolia Water Services (ANZ) Pty Ltd,PAC23-B,PAC 23 SOLUTION BULK,2017-02,12.5,TO,N118,38777,White Swan WTP,9328.358208955224,sa,PAC23
50703,21193,Veolia Water Services (ANZ) Pty Ltd,PAC23-B,PAC 23 SOLUTION BULK,2017-02,12.5,TO,N118,38776,Lal Lal WTP,9328.358208955224,sa,PAC23
50706,9477,SA Water Corporation,PAC23-B,PAC 23 SOLUTION BULK,2017-02,0.389,TO,S315,12495,Moorook WTP,290.2985074626866,sa,PAC23
50707,9477,SA Water Corporation,PAC23-B,PAC 23 SOLUTION BULK,2017-02,0.611,TO,S315,12494,Glossop WTP,455.97014925373134,sa,PAC23
50708,9477,SA Water Corporation,PAC23-B,PAC 23 SOLUTION BULK,2017-02,2.311,TO,S315,12490,Woolpunda,1724.6268656716418,sa,PAC23
50709,9477,SA Water Corporation,PAC23-B,PAC 23 SOLUTION BULK,2017-02,0.616,TO,S315,12497,Cadell WTP,459.7014925373134,sa,PAC23
50710,9477,SA Water Corporation,PAC23-B,PAC 23 SOLUTION BULK,2017-02,0.402,TO,S315,12515,Blanchetown WTP,300.0,sa,PAC23
50712,21193,Veolia Water Services (ANZ) Pty Ltd,PAC23-B,PAC 23 SOLUTION BULK,2017-02,25.0,TO,N118,38776,Lal Lal WTP,18656.716417910447,sa,PAC23
50715,9477,SA Water Corporation,PAC23-B,PAC 23 SOLUTION BULK,2017-01,0.804,TO,S315,55033,Mypolonga WTP,600.0,sa,PAC23
50716,9477,SA Water Corporation,PAC23-B,PAC 23 SOLUTION BULK,2017-01,2.01,TO,S315,55031,Kanmantoo WTP,1499.9999999999998,sa,PAC23
50717,9477,SA Water Corporation,PAC23-B,PAC 23 SOLUTION BULK,2017-01,1.62,TO,S315,55032,Palmer WTP,1208.955223880597,sa,PAC23
50720,21193,Veolia Water Services (ANZ) Pty Ltd,PAC23-B,PAC 23 SOLUTION BULK,2017-01,25.0,TO,N118,38776,Lal Lal WTP,18656.716417910447,sa,PAC23
50725,21193,Veolia Water Services (ANZ) Pty Ltd,PAC23-B,PAC 23 SOLUTION BULK,2017-01,25.0,TO,N118,38776,Lal Lal WTP,18656.716417910447,sa,PAC23
50729,9477,SA Water Corporation,PAC23-B,PAC 23 SOLUTION BULK,2017-01,1.407,TO,S315,55032,Palmer WTP,1050.0,sa,PAC23
50730,9477,SA Water Corporation,PAC23-B,PAC 23 SOLUTION BULK,2017-01,1.876,TO,S315,55031,Kanmantoo WTP,1400.0,sa,PAC23
50731,9477,SA Water Corporation,PAC23-B,PAC 23 SOLUTION BULK,2017-01,0.603,TO,S315,55033,Mypolonga WTP,450.0,sa,PAC23
50732,9477,SA Water Corporation,PAC23-B,PAC 23 SOLUTION BULK,2017-01,0.63,TO,S315,12510,Cowirra WTP,470.1492537313433,sa,PAC23
50733,9477,SA Water Corporation,PAC23-B,PAC 23 SOLUTION BULK,2017-01,0.442,TO,S315,55034,​Swan Reach WTP,329.85074626865674,sa,PAC23
50737,9477,SA Water Corporation,PAC23-B,PAC 23 SOLUTION BULK,2016-12,0.576,TO,S315,12495,Moorook WTP,429.8507462686567,sa,PAC23
50738,9477,SA Water Corporation,PAC23-B,PAC 23 SOLUTION BULK,2016-12,0.884,TO,S315,12494,Glossop WTP,659.7014925373135,sa,PAC23
50739,9477,SA Water Corporation,PAC23-B,PAC 23 SOLUTION BULK,2016-12,2.747,TO,S315,12490,Woolpunda,2050.0,sa,PAC23
50740,9477,SA Water Corporation,PAC23-B,PAC 23 SOLUTION BULK,2016-12,0.589,TO,S315,12497,Cadell WTP,439.55223880597015,sa,PAC23
50741,9477,SA Water Corporation,PAC23-B,PAC 23 SOLUTION BULK,2016-12,0.5619999999999999,TO,S315,12515,Blanchetown WTP,419.4029850746268,sa,PAC23
50742,9477,SA Water Corporation,PAC23-B,PAC 23 SOLUTION BULK,2016-12,0.4,TO,S315,55034,​Swan Reach WTP,298.5074626865672,sa,PAC23
50743,21193,Veolia Water Services (ANZ) Pty Ltd,PAC23-B,PAC 23 SOLUTION BULK,2016-12,25.0,TO,N118,38776,Lal Lal WTP,18656.716417910447,sa,PAC23
50746,9477,SA Water Corporation,PAC23-B,PAC 23 SOLUTION BULK,2016-12,0.938,TO,S315,55034,​Swan Reach WTP,700.0,sa,PAC23
50749,9477,SA Water Corporation,PAC23-B,PAC 23 SOLUTION BULK,2016-12,0.965,TO,S315,55034,​Swan Reach WTP,720.1492537313433,sa,PAC23
50750,9477,SA Water Corporation,PAC23-B,PAC 23 SOLUTION BULK,2016-12,0.536,TO,S315,12510,Cowirra WTP,400.00000000000006,sa,PAC23
50751,9477,SA Water Corporation,PAC23-B,PAC 23 SOLUTION BULK,2016-12,0.83,TO,S315,55033,Mypolonga WTP,619.4029850746268,sa,PAC23
50752,9477,SA Water Corporation,PAC23-B,PAC 23 SOLUTION BULK,2016-12,1.407,TO,S315,55031,Kanmantoo WTP,1050.0,sa,PAC23
50753,9477,SA Water Corporation,PAC23-B,PAC 23 SOLUTION BULK,2016-12,1.474,TO,S315,55032,Palmer WTP,1100.0,sa,PAC23
50755,21193,Veolia Water Services (ANZ) Pty Ltd,PAC23-B,PAC 23 SOLUTION BULK,2016-12,25.0,TO,N118,38776,Lal Lal WTP,18656.716417910447,sa,PAC23
50763,21193,Veolia Water Services (ANZ) Pty Ltd,PAC23-B,PAC 23 SOLUTION BULK,2016-11,25.0,TO,N118,38776,Lal Lal WTP,18656.716417910447,sa,PAC23
50765,9477,SA Water Corporation,PAC23-B,PAC 23 SOLUTION BULK,2016-11,0.442,TO,S315,12495,Moorook WTP,329.85074626865674,sa,PAC23
50766,9477,SA Water Corporation,PAC23-B,PAC 23 SOLUTION BULK,2016-11,0.659,TO,S315,12494,Glossop WTP,491.7910447761194,sa,PAC23
50767,9477,SA Water Corporation,PAC23-B,PAC 23 SOLUTION BULK,2016-11,2.244,TO,S315,12490,Woolpunda,1674.626865671642,sa,PAC23
50768,9477,SA Water Corporation,PAC23-B,PAC 23 SOLUTION BULK,2016-11,0.5619999999999999,TO,S315,12497,Cadell WTP,419.4029850746268,sa,PAC23
50769,9477,SA Water Corporation,PAC23-B,PAC 23 SOLUTION BULK,2016-11,0.375,TO,S315,12515,Blanchetown WTP,279.85074626865674,sa,PAC23
50778,9477,SA Water Corporation,PAC23-B,PAC 23 SOLUTION BULK,2016-11,0.469,TO,S315,12510,Cowirra WTP,350.0,sa,PAC23
50779,9477,SA Water Corporation,PAC23-B,PAC 23 SOLUTION BULK,2016-11,0.67,TO,S315,55033,Mypolonga WTP,500.00000000000006,sa,PAC23
50780,9477,SA Water Corporation,PAC23-B,PAC 23 SOLUTION BULK,2016-11,1.206,TO,S315,55031,Kanmantoo WTP,900.0,sa,PAC23
50781,9477,SA Water Corporation,PAC23-B,PAC 23 SOLUTION BULK,2016-11,1.608,TO,S315,55032,Palmer WTP,1200.0,sa,PAC23
50782,21193,Veolia Water Services (ANZ) Pty Ltd,PAC23-B,PAC 23 SOLUTION BULK,2016-11,25.0,TO,N118,38776,Lal Lal WTP,18656.716417910447,sa,PAC23
50795,21193,Veolia Water Services (ANZ) Pty Ltd,PAC23-B,PAC 23 SOLUTION BULK,2016-10,25.0,TO,N118,38776,Lal Lal WTP,18656.716417910447,sa,PAC23
50806,21193,Veolia Water Services (ANZ) Pty Ltd,PAC23-B,PAC 23 SOLUTION BULK,2016-09,25.0,TO,N118,38776,Lal Lal WTP,18656.716417910447,sa,PAC23
50820,21193,Veolia Water Services (ANZ) Pty Ltd,PAC23-B,PAC 23 SOLUTION BULK,2016-09,25.0,TO,N118,38776,Lal Lal WTP,18656.716417910447,sa,PAC23
50827,51745,ALLWATER,PAC23-B,PAC 23 SOLUTION BULK,2016-08,4.0,TO,S315,56287,Adelaide Airport,2985.0746268656717,sa,PAC23
50838,21193,Veolia Water Services (ANZ) Pty Ltd,PAC23-B,PAC 23 SOLUTION BULK,2016-08,25.0,TO,N118,38776,Lal Lal WTP,18656.716417910447,sa,PAC23
50848,9477,SA Water Corporation,PAC23-B,PAC 23 SOLUTION BULK,2016-07,0.479,TO,S315,12495,Moorook WTP,357.46268656716416,sa,PAC23
50849,9477,SA Water Corporation,PAC23-B,PAC 23 SOLUTION BULK,2016-07,0.69,TO,S315,12490,Woolpunda,514.9253731343283,sa,PAC23
50857,9477,SA Water Corporation,PAC23-B,PAC 23 SOLUTION BULK,2016-06,0.532,TO,S315,12495,Moorook WTP,397.01492537313436,sa,PAC23
50858,9477,SA Water Corporation,PAC23-B,PAC 23 SOLUTION BULK,2016-06,1.92,TO,S315,12490,Woolpunda,1432.8358208955224,sa,PAC23
50860,9477,SA Water Corporation,PAC23-B,PAC 23 SOLUTION BULK,2016-06,0.576,TO,S315,12495,Moorook WTP,429.8507462686567,sa,PAC23
50861,9477,SA Water Corporation,PAC23-B,PAC 23 SOLUTION BULK,2016-06,0.739,TO,S315,12494,Glossop WTP,551.4925373134329,sa,PAC23
50862,9477,SA Water Corporation,PAC23-B,PAC 23 SOLUTION BULK,2016-06,2.177,TO,S315,12490,Woolpunda,1624.6268656716418,sa,PAC23
50863,9477,SA Water Corporation,PAC23-B,PAC 23 SOLUTION BULK,2016-06,0.509,TO,S315,12497,Cadell WTP,379.85074626865674,sa,PAC23
50864,9477,SA Water Corporation,PAC23-B,PAC 23 SOLUTION BULK,2016-06,0.536,TO,S315,12515,Blanchetown WTP,400.00000000000006,sa,PAC23
50866,21193,Veolia Water Services (ANZ) Pty Ltd,PAC23-B,PAC 23 SOLUTION BULK,2016-06,25.0,TO,N118,38776,Lal Lal WTP,18656.716417910447,sa,PAC23
50885,21193,Veolia Water Services (ANZ) Pty Ltd,PAC23-B,PAC 23 SOLUTION BULK,2016-05,25.0,TO,N118,38776,Lal Lal WTP,18656.716417910447,sa,PAC23
50890,21193,Veolia Water Services (ANZ) Pty Ltd,PAC23-B,PAC 23 SOLUTION BULK,2016-05,25.0,TO,N118,38776,Lal Lal WTP,18656.716417910447,sa,PAC23
50896,21193,Veolia Water Services (ANZ) Pty Ltd,PAC23-B,PAC 23 SOLUTION BULK,2016-04,25.0,TO,N118,38776,Lal Lal WTP,18656.716417910447,sa,PAC23
50899,9477,SA Water Corporation,PAC23-B,PAC 23 SOLUTION BULK,2016-04,0.536,TO,S315,55033,Mypolonga WTP,400.00000000000006,sa,PAC23
50900,9477,SA Water Corporation,PAC23-B,PAC 23 SOLUTION BULK,2016-04,1.608,TO,S315,55031,Kanmantoo WTP,1200.0,sa,PAC23
50901,9477,SA Water Corporation,PAC23-B,PAC 23 SOLUTION BULK,2016-04,0.844,TO,S315,55032,Palmer WTP,629.8507462686567,sa,PAC23
50907,21193,Veolia Water Services (ANZ) Pty Ltd,PAC23-B,PAC 23 SOLUTION BULK,2016-03,25.0,TO,N118,38776,Lal Lal WTP,18656.716417910447,sa,PAC23
50915,21193,Veolia Water Services (ANZ) Pty Ltd,PAC23-B,PAC 23 SOLUTION BULK,2016-03,25.0,TO,N118,38776,Lal Lal WTP,18656.716417910447,sa,PAC23
50924,21193,Veolia Water Services (ANZ) Pty Ltd,PAC23-B,PAC 23 SOLUTION BULK,2016-02,25.0,TO,N118,38776,Lal Lal WTP,18656.716417910447,sa,PAC23
50936,21193,Veolia Water Services (ANZ) Pty Ltd,PAC23-B,PAC 23 SOLUTION BULK,2016-01,25.0,TO,N118,38776,Lal Lal WTP,18656.716417910447,sa,PAC23
50942,21193,Veolia Water Services (ANZ) Pty Ltd,PAC23-B,PAC 23 SOLUTION BULK,2016-01,25.0,TO,N118,38776,Lal Lal WTP,18656.716417910447,sa,PAC23
50948,21193,Veolia Water Services (ANZ) Pty Ltd,PAC23-B,PAC 23 SOLUTION BULK,2015-12,25.0,TO,N118,38776,Lal Lal WTP,18656.716417910447,sa,PAC23
50950,9477,SA Water Corporation,PAC23-B,PAC 23 SOLUTION BULK,2015-12,0.536,TO,S315,55034,​Swan Reach WTP,400.00000000000006,sa,PAC23
50951,9477,SA Water Corporation,PAC23-B,PAC 23 SOLUTION BULK,2015-12,0.469,TO,S315,55033,Mypolonga WTP,350.0,sa,PAC23
50952,9477,SA Water Corporation,PAC23-B,PAC 23 SOLUTION BULK,2015-12,1.54,TO,S315,55031,Kanmantoo WTP,1149.2537313432836,sa,PAC23
50953,9477,SA Water Corporation,PAC23-B,PAC 23 SOLUTION BULK,2015-12,1.14,TO,S315,55032,Palmer WTP,850.7462686567163,sa,PAC23
50959,21193,Veolia Water Services (ANZ) Pty Ltd,PAC23-B,PAC 23 SOLUTION BULK,2015-12,25.0,TO,N118,38776,Lal Lal WTP,18656.716417910447,sa,PAC23
50960,21193,Veolia Water Services (ANZ) Pty Ltd,PAC23-B,PAC 23 SOLUTION BULK,2015-12,25.0,TO,N118,38776,Lal Lal WTP,18656.716417910447,sa,PAC23
50965,9477,SA Water Corporation,PAC23-B,PAC 23 SOLUTION BULK,2015-11,0.55,TO,S315,12495,Moorook WTP,410.4477611940299,sa,PAC23
50966,9477,SA Water Corporation,PAC23-B,PAC 23 SOLUTION BULK,2015-11,0.595,TO,S315,12494,Glossop WTP,444.02985074626866,sa,PAC23
50967,9477,SA Water Corporation,PAC23-B,PAC 23 SOLUTION BULK,2015-11,2.077,TO,S315,12490,Woolpunda,1550.0,sa,PAC23
50968,9477,SA Water Corporation,PAC23-B,PAC 23 SOLUTION BULK,2015-11,0.67,TO,S315,12497,Cadell WTP,500.00000000000006,sa,PAC23
50969,9477,SA Water Corporation,PAC23-B,PAC 23 SOLUTION BULK,2015-11,0.335,TO,S315,12515,Blanchetown WTP,250.00000000000003,sa,PAC23
50971,21193,Veolia Water Services (ANZ) Pty Ltd,PAC23-B,PAC 23 SOLUTION BULK,2015-11,25.0,TO,N118,38776,Lal Lal WTP,18656.716417910447,sa,PAC23
50978,21193,Veolia Water Services (ANZ) Pty Ltd,PAC23-B,PAC 23 SOLUTION BULK,2015-11,25.0,TO,N118,38776,Lal Lal WTP,18656.716417910447,sa,PAC23
50982,21193,Veolia Water Services (ANZ) Pty Ltd,PAC23-B,PAC 23 SOLUTION BULK,2015-10,25.0,TO,N118,38776,Lal Lal WTP,18656.716417910447,sa,PAC23
50992,21193,Veolia Water Services (ANZ) Pty Ltd,PAC23-B,PAC 23 SOLUTION BULK,2015-09,25.0,TO,N118,38776,Lal Lal WTP,18656.716417910447,sa,PAC23
51002,9477,SA Water Corporation,PAC23-B,PAC 23 SOLUTION BULK,2015-08,0.375,TO,S315,55034,​Swan Reach WTP,279.85074626865674,sa,PAC23
51003,9477,SA Water Corporation,PAC23-B,PAC 23 SOLUTION BULK,2015-08,0.402,TO,S315,12510,Cowirra WTP,300.0,sa,PAC23
51004,9477,SA Water Corporation,PAC23-B,PAC 23 SOLUTION BULK,2015-08,0.777,TO,S315,55033,Mypolonga WTP,579.8507462686567,sa,PAC23
51005,9477,SA Water Corporation,PAC23-B,PAC 23 SOLUTION BULK,2015-08,1.474,TO,S315,55031,Kanmantoo WTP,1100.0,sa,PAC23
51006,9477,SA Water Corporation,PAC23-B,PAC 23 SOLUTION BULK,2015-08,0.804,TO,S315,55032,Palmer WTP,600.0,sa,PAC23
51012,21193,Veolia Water Services (ANZ) Pty Ltd,PAC23-B,PAC 23 SOLUTION BULK,2015-08,25.0,TO,N118,38776,Lal Lal WTP,18656.716417910447,sa,PAC23
51014,51745,ALLWATER,PAC23-B,PAC 23 SOLUTION BULK,2015-08,4.0,TO,S315,56287,Adelaide Airport,2985.0746268656717,sa,PAC23
51017,21193,Veolia Water Services (ANZ) Pty Ltd,PAC23-B,PAC 23 SOLUTION BULK,2015-08,25.0,TO,N118,38776,Lal Lal WTP,18656.716417910447,sa,PAC23
51022,51745,ALLWATER,PAC23-B,PAC 23 SOLUTION BULK,2015-07,1.2,TO,S315,56287,Adelaide Airport,895.5223880597015,sa,PAC23
51033,9477,SA Water Corporation,PAC23-B,PAC 23 SOLUTION BULK,2015-06,2.278,TO,S315,55031,Kanmantoo WTP,1700.0,sa,PAC23
51034,9477,SA Water Corporation,PAC23-B,PAC 23 SOLUTION BULK,2015-06,1.048,TO,S315,55032,Palmer WTP,782.089552238806,sa,PAC23
51036,21193,Veolia Water Services (ANZ) Pty Ltd,PAC23-B,PAC 23 SOLUTION BULK,2015-06,25.0,TO,N118,38776,Lal Lal WTP,18656.716417910447,sa,PAC23
51044,9477,SA Water Corporation,PAC23-B,PAC 23 SOLUTION BULK,2015-05,0.402,TO,S315,12495,Moorook WTP,300.0,sa,PAC23
51045,9477,SA Water Corporation,PAC23-B,PAC 23 SOLUTION BULK,2015-05,0.514,TO,S315,12494,Glossop WTP,383.5820895522388,sa,PAC23
51046,9477,SA Water Corporation,PAC23-B,PAC 23 SOLUTION BULK,2015-05,1.675,TO,S315,12490,Woolpunda,1250.0,sa,PAC23
51047,9477,SA Water Corporation,PAC23-B,PAC 23 SOLUTION BULK,2015-05,0.536,TO,S315,12497,Cadell WTP,400.00000000000006,sa,PAC23
51048,9477,SA Water Corporation,PAC23-B,PAC 23 SOLUTION BULK,2015-05,0.335,TO,S315,12515,Blanchetown WTP,250.00000000000003,sa,PAC23
51051,21193,Veolia Water Services (ANZ) Pty Ltd,PAC23-B,PAC 23 SOLUTION BULK,2015-04,25.0,TO,N118,38776,Lal Lal WTP,18656.716417910447,sa,PAC23
51052,9477,SA Water Corporation,PAC23-B,PAC 23 SOLUTION BULK,2015-04,1.072,TO,S315,55034,​Swan Reach WTP,800.0000000000001,sa,PAC23
51053,9477,SA Water Corporation,PAC23-B,PAC 23 SOLUTION BULK,2015-04,0.871,TO,S315,55033,Mypolonga WTP,650.0,sa,PAC23
51054,9477,SA Water Corporation,PAC23-B,PAC 23 SOLUTION BULK,2015-04,1.407,TO,S315,55031,Kanmantoo WTP,1050.0,sa,PAC23
51055,9477,SA Water Corporation,PAC23-B,PAC 23 SOLUTION BULK,2015-04,1.34,TO,S315,55032,Palmer WTP,1000.0000000000001,sa,PAC23
51061,9477,SA Water Corporation,PAC23-B,PAC 23 SOLUTION BULK,2015-03,1.474,TO,S315,55031,Kanmantoo WTP,1100.0,sa,PAC23
51062,9477,SA Water Corporation,PAC23-B,PAC 23 SOLUTION BULK,2015-03,1.34,TO,S315,55032,Palmer WTP,1000.0000000000001,sa,PAC23
51065,21193,Veolia Water Services (ANZ) Pty Ltd,PAC23-B,PAC 23 SOLUTION BULK,2015-03,25.0,TO,N118,38776,Lal Lal WTP,18656.716417910447,sa,PAC23
51072,21193,Veolia Water Services (ANZ) Pty Ltd,PAC23-B,PAC 23 SOLUTION BULK,2015-02,25.0,TO,N118,38776,Lal Lal WTP,18656.716417910447,sa,PAC23
51079,9477,SA Water Corporation,PAC23-B,PAC 23 SOLUTION BULK,2015-01,0.389,TO,S315,12495,Moorook WTP,290.2985074626866,sa,PAC23
51080,9477,SA Water Corporation,PAC23-B,PAC 23 SOLUTION BULK,2015-01,0.531,TO,S315,12494,Glossop WTP,396.2686567164179,sa,PAC23
51081,9477,SA Water Corporation,PAC23-B,PAC 23 SOLUTION BULK,2015-01,2.0,TO,S315,12490,Woolpunda,1492.5373134328358,sa,PAC23
51082,9477,SA Water Corporation,PAC23-B,PAC 23 SOLUTION BULK,2015-01,0.549,TO,S315,12497,Cadell WTP,409.70149253731347,sa,PAC23
51083,9477,SA Water Corporation,PAC23-B,PAC 23 SOLUTION BULK,2015-01,0.362,TO,S315,12515,Blanchetown WTP,270.14925373134326,sa,PAC23
51085,21193,Veolia Water Services (ANZ) Pty Ltd,PAC23-B,PAC 23 SOLUTION BULK,2015-01,25.0,TO,N118,38776,Lal Lal WTP,18656.716417910447,sa,PAC23
51086,9477,SA Water Corporation,PAC23-B,PAC 23 SOLUTION BULK,2015-01,0.536,TO,S315,55034,​Swan Reach WTP,400.00000000000006,sa,PAC23
51087,9477,SA Water Corporation,PAC23-B,PAC 23 SOLUTION BULK,2015-01,0.67,TO,S315,55033,Mypolonga WTP,500.00000000000006,sa,PAC23
51088,9477,SA Water Corporation,PAC23-B,PAC 23 SOLUTION BULK,2015-01,1.8,TO,S315,55031,Kanmantoo WTP,1343.2835820895523,sa,PAC23
51089,9477,SA Water Corporation,PAC23-B,PAC 23 SOLUTION BULK,2015-01,1.273,TO,S315,55032,Palmer WTP,950.0,sa,PAC23
51092,21193,Veolia Water Services (ANZ) Pty Ltd,PAC23-B,PAC 23 SOLUTION BULK,2015-01,12.0,TO,N118,38776,Lal Lal WTP,8955.223880597016,sa,PAC23
51105,21193,Veolia Water Services (ANZ) Pty Ltd,PAC23-B,PAC 23 SOLUTION BULK,2014-12,25.0,TO,N118,38776,Lal Lal WTP,18656.716417910447,sa,PAC23
51109,9477,SA Water Corporation,PAC23-B,PAC 23 SOLUTION BULK,2014-11,0.67,TO,S315,55033,Mypolonga WTP,500.00000000000006,sa,PAC23
51110,9477,SA Water Corporation,PAC23-B,PAC 23 SOLUTION BULK,2014-11,1.876,TO,S315,55031,Kanmantoo WTP,1400.0,sa,PAC23
51111,9477,SA Water Corporation,PAC23-B,PAC 23 SOLUTION BULK,2014-11,1.608,TO,S315,55032,Palmer WTP,1200.0,sa,PAC23
51113,21193,Veolia Water Services (ANZ) Pty Ltd,PAC23-B,PAC 23 SOLUTION BULK,2014-11,25.0,TO,N118,38776,Lal Lal WTP,18656.716417910447,sa,PAC23
51119,21193,Veolia Water Services (ANZ) Pty Ltd,PAC23-B,PAC 23 SOLUTION BULK,2014-10,25.0,TO,N118,38776,Lal Lal WTP,18656.716417910447,sa,PAC23
51121,9477,SA Water Corporation,PAC23-B,PAC 23 SOLUTION BULK,2014-10,0.348,TO,S315,12495,Moorook WTP,259.7014925373134,sa,PAC23
51122,9477,SA Water Corporation,PAC23-B,PAC 23 SOLUTION BULK,2014-10,0.434,TO,S315,12494,Glossop WTP,323.8805970149254,sa,PAC23
51123,9477,SA Water Corporation,PAC23-B,PAC 23 SOLUTION BULK,2014-10,1.575,TO,S315,12490,Woolpunda,1175.3731343283582,sa,PAC23
51124,9477,SA Water Corporation,PAC23-B,PAC 23 SOLUTION BULK,2014-10,0.616,TO,S315,12497,Cadell WTP,459.7014925373134,sa,PAC23
51125,9477,SA Water Corporation,PAC23-B,PAC 23 SOLUTION BULK,2014-10,0.28099999999999997,TO,S315,12515,Blanchetown WTP,209.7014925373134,sa,PAC23
51126,51745,ALLWATER,PAC23-B,PAC 23 SOLUTION BULK,2014-10,1.2,TO,S315,56287,Adelaide Airport,895.5223880597015,sa,PAC23
51132,9477,SA Water Corporation,PAC23-B,PAC 23 SOLUTION BULK,2014-10,0.67,TO,S315,55034,​Swan Reach WTP,500.00000000000006,sa,PAC23
51133,9477,SA Water Corporation,PAC23-B,PAC 23 SOLUTION BULK,2014-10,0.402,TO,S315,12510,Cowirra WTP,300.0,sa,PAC23
51134,9477,SA Water Corporation,PAC23-B,PAC 23 SOLUTION BULK,2014-10,0.67,TO,S315,55033,Mypolonga WTP,500.00000000000006,sa,PAC23
51135,9477,SA Water Corporation,PAC23-B,PAC 23 SOLUTION BULK,2014-10,1.474,TO,S315,55031,Kanmantoo WTP,1100.0,sa,PAC23
51136,9477,SA Water Corporation,PAC23-B,PAC 23 SOLUTION BULK,2014-10,1.107,TO,S315,55032,Palmer WTP,826.1194029850747,sa,PAC23
51140,21193,Veolia Water Services (ANZ) Pty Ltd,PAC23-B,PAC 23 SOLUTION BULK,2014-09,25.0,TO,N118,38776,Lal Lal WTP,18656.716417910447,sa,PAC23
51153,9477,SA Water Corporation,PAC23-B,PAC 23 SOLUTION BULK,2014-07,0.348,TO,S315,12495,Moorook WTP,259.7014925373134,sa,PAC23
51154,9477,SA Water Corporation,PAC23-B,PAC 23 SOLUTION BULK,2014-07,0.595,TO,S315,12494,Glossop WTP,444.02985074626866,sa,PAC23
51155,9477,SA Water Corporation,PAC23-B,PAC 23 SOLUTION BULK,2014-07,1.91,TO,S315,12490,Woolpunda,1425.3731343283582,sa,PAC23
51156,9477,SA Water Corporation,PAC23-B,PAC 23 SOLUTION BULK,2014-07,0.978,TO,S315,12497,Cadell WTP,729.8507462686567,sa,PAC23
51157,9477,SA Water Corporation,PAC23-B,PAC 23 SOLUTION BULK,2014-07,0.255,TO,S315,12515,Blanchetown WTP,190.2985074626866,sa,PAC23
51163,9477,SA Water Corporation,PAC23-B,PAC 23 SOLUTION BULK,2014-06,0.4,TO,S315,55033,Mypolonga WTP,298.5074626865672,sa,PAC23
51164,9477,SA Water Corporation,PAC23-B,PAC 23 SOLUTION BULK,2014-06,1.742,TO,S315,55031,Kanmantoo WTP,1300.0,sa,PAC23
51165,9477,SA Water Corporation,PAC23-B,PAC 23 SOLUTION BULK,2014-06,1.072,TO,S315,55032,Palmer WTP,800.0000000000001,sa,PAC23
51179,51745,ALLWATER,PAC23-B,PAC 23 SOLUTION BULK,2014-05,1.2,TO,S315,56287,Adelaide Airport,895.5223880597015,sa,PAC23
51188,9477,SA Water Corporation,PAC23-B,PAC 23 SOLUTION BULK,2014-04,0.737,TO,S315,12510,Cowirra WTP,550.0,sa,PAC23
51189,9477,SA Water Corporation,PAC23-B,PAC 23 SOLUTION BULK,2014-04,0.938,TO,S315,55033,Mypolonga WTP,700.0,sa,PAC23
51190,9477,SA Water Corporation,PAC23-B,PAC 23 SOLUTION BULK,2014-04,0.737,TO,S315,55031,Kanmantoo WTP,550.0,sa,PAC23
51191,9477,SA Water Corporation,PAC23-B,PAC 23 SOLUTION BULK,2014-04,0.737,TO,S315,55032,Palmer WTP,550.0,sa,PAC23
51200,9477,SA Water Corporation,PAC23-B,PAC 23 SOLUTION BULK,2014-03,0.63,TO,S315,12495,Moorook WTP,470.1492537313433,sa,PAC23
51201,9477,SA Water Corporation,PAC23-B,PAC 23 SOLUTION BULK,2014-03,0.74,TO,S315,12494,Glossop WTP,552.2388059701492,sa,PAC23
51202,9477,SA Water Corporation,PAC23-B,PAC 23 SOLUTION BULK,2014-03,2.613,TO,S315,12490,Woolpunda,1950.0,sa,PAC23
51203,9477,SA Water Corporation,PAC23-B,PAC 23 SOLUTION BULK,2014-03,0.509,TO,S315,12497,Cadell WTP,379.85074626865674,sa,PAC23
51204,9477,SA Water Corporation,PAC23-B,PAC 23 SOLUTION BULK,2014-03,0.469,TO,S315,12515,Blanchetown WTP,350.0,sa,PAC23
51206,9477,SA Water Corporation,PAC23-B,PAC 23 SOLUTION BULK,2014-03,1.742,TO,S315,55031,Kanmantoo WTP,1300.0,sa,PAC23
51207,9477,SA Water Corporation,PAC23-B,PAC 23 SOLUTION BULK,2014-03,0.938,TO,S315,55032,Palmer WTP,700.0,sa,PAC23
51212,21193,Veolia Water Services (ANZ) Pty Ltd,PAC23-B,PAC 23 SOLUTION BULK,2014-02,25.0,TO,N118,38776,Lal Lal WTP,18656.716417910447,sa,PAC23
51221,9477,SA Water Corporation,PAC23-B,PAC 23 SOLUTION BULK,2014-01,0.804,TO,S315,55034,​Swan Reach WTP,600.0,sa,PAC23
51222,9477,SA Water Corporation,PAC23-B,PAC 23 SOLUTION BULK,2014-01,0.469,TO,S315,55033,Mypolonga WTP,350.0,sa,PAC23
51223,9477,SA Water Corporation,PAC23-B,PAC 23 SOLUTION BULK,2014-01,1.675,TO,S315,55031,Kanmantoo WTP,1250.0,sa,PAC23
51224,9477,SA Water Corporation,PAC23-B,PAC 23 SOLUTION BULK,2014-01,1.273,TO,S315,55032,Palmer WTP,950.0,sa,PAC23
51232,9477,SA Water Corporation,PAC23-B,PAC 23 SOLUTION BULK,2013-12,1.114,TO,S315,55032,Palmer WTP,831.3432835820896,sa,PAC23
51233,9477,SA Water Corporation,PAC23-B,PAC 23 SOLUTION BULK,2013-12,0.472,TO,S315,55033,Mypolonga WTP,352.23880597014926,sa,PAC23
51234,9477,SA Water Corporation,PAC23-B,PAC 23 SOLUTION BULK,2013-12,1.965,TO,S315,55031,Kanmantoo WTP,1466.4179104477612,sa,PAC23
51236,9477,SA Water Corporation,PAC23-B,PAC 23 SOLUTION BULK,2013-12,2.211,TO,S315,12490,Woolpunda,1650.0,sa,PAC23
51237,9477,SA Water Corporation,PAC23-B,PAC 23 SOLUTION BULK,2013-12,0.563,TO,S315,12495,Moorook WTP,420.14925373134326,sa,PAC23
51238,9477,SA Water Corporation,PAC23-B,PAC 23 SOLUTION BULK,2013-12,0.772,TO,S315,12494,Glossop WTP,576.1194029850747,sa,PAC23
51239,9477,SA Water Corporation,PAC23-B,PAC 23 SOLUTION BULK,2013-12,0.643,TO,S315,12497,Cadell WTP,479.85074626865674,sa,PAC23
51240,9477,SA Water Corporation,PAC23-B,PAC 23 SOLUTION BULK,2013-12,0.549,TO,S315,12515,Blanchetown WTP,409.70149253731347,sa,PAC23
51258,51745,ALLWATER,PAC23-B,PAC 23 SOLUTION BULK,2013-11,0.67,TO,S315,56287,Adelaide Airport,500.00000000000006,sa,PAC23
51259,9477,SA Water Corporation,PAC23-B,PAC 23 SOLUTION BULK,2013-11,1.005,TO,S315,55032,Palmer WTP,749.9999999999999,sa,PAC23
51260,9477,SA Water Corporation,PAC23-B,PAC 23 SOLUTION BULK,2013-11,0.871,TO,S315,55033,Mypolonga WTP,650.0,sa,PAC23
51261,9477,SA Water Corporation,PAC23-B,PAC 23 SOLUTION BULK,2013-11,1.809,TO,S315,55031,Kanmantoo WTP,1350.0,sa,PAC23
51269,21193,Veolia Water Services (ANZ) Pty Ltd,PAC23-B,PAC 23 SOLUTION BULK,2013-11,25.0,TO,N118,38776,Lal Lal WTP,18656.716417910447,sa,PAC23
51280,9477,SA Water Corporation,PAC23-B,PAC 23 SOLUTION BULK,2013-10,1.139,TO,S315,55032,Palmer WTP,850.0,sa,PAC23
51281,9477,SA Water Corporation,PAC23-B,PAC 23 SOLUTION BULK,2013-10,2.077,TO,S315,55031,Kanmantoo WTP,1550.0,sa,PAC23
51288,21193,Veolia Water Services (ANZ) Pty Ltd,PAC23-B,PAC 23 SOLUTION BULK,2013-09,25.0,TO,N118,38776,Lal Lal WTP,18656.716417910447,sa,PAC23
51290,9477,SA Water Corporation,PAC23-B,PAC 23 SOLUTION BULK,2013-09,0.616,TO,S315,12495,Moorook WTP,459.7014925373134,sa,PAC23
51291,9477,SA Water Corporation,PAC23-B,PAC 23 SOLUTION BULK,2013-09,0.82,TO,S315,12494,Glossop WTP,611.9402985074627,sa,PAC23
51292,9477,SA Water Corporation,PAC23-B,PAC 23 SOLUTION BULK,2013-09,2.177,TO,S315,12490,Woolpunda,1624.6268656716418,sa,PAC23
51293,9477,SA Water Corporation,PAC23-B,PAC 23 SOLUTION BULK,2013-09,0.697,TO,S315,12497,Cadell WTP,520.1492537313433,sa,PAC23
51294,9477,SA Water Corporation,PAC23-B,PAC 23 SOLUTION BULK,2013-09,0.576,TO,S315,12515,Blanchetown WTP,429.8507462686567,sa,PAC23
51304,21193,Veolia Water Services (ANZ) Pty Ltd,PAC23-B,PAC 23 SOLUTION BULK,2013-08,25.0,TO,N118,38776,Lal Lal WTP,18656.716417910447,sa,PAC23
51307,21193,Veolia Water Services (ANZ) Pty Ltd,PAC23-B,PAC 23 SOLUTION BULK,2013-07,25.0,TO,N118,38776,Lal Lal WTP,18656.716417910447,sa,PAC23
51312,9477,SA Water Corporation,PAC23-B,PAC 23 SOLUTION BULK,2013-06,1.57,TO,S315,55032,Palmer WTP,1171.6417910447763,sa,PAC23
51313,9477,SA Water Corporation,PAC23-B,PAC 23 SOLUTION BULK,2013-06,0.62,TO,S315,55033,Mypolonga WTP,462.6865671641791,sa,PAC23
51314,9477,SA Water Corporation,PAC23-B,PAC 23 SOLUTION BULK,2013-06,2.32,TO,S315,55031,Kanmantoo WTP,1731.3432835820895,sa,PAC23
51326,9477,SA Water Corporation,PAC23-B,PAC 23 SOLUTION BULK,2013-04,0.804,TO,S315,55034,​Swan Reach WTP,600.0,sa,PAC23
51327,9477,SA Water Corporation,PAC23-B,PAC 23 SOLUTION BULK,2013-04,1.876,TO,S315,55032,Palmer WTP,1400.0,sa,PAC23
51328,9477,SA Water Corporation,PAC23-B,PAC 23 SOLUTION BULK,2013-04,0.67,TO,S315,55033,Mypolonga WTP,500.00000000000006,sa,PAC23
51329,9477,SA Water Corporation,PAC23-B,PAC 23 SOLUTION BULK,2013-04,2.144,TO,S315,55031,Kanmantoo WTP,1600.0000000000002,sa,PAC23
51330,9477,SA Water Corporation,PAC23-B,PAC 23 SOLUTION BULK,2013-04,0.268,TO,S315,12510,Cowirra WTP,200.00000000000003,sa,PAC23
51331,9477,SA Water Corporation,PAC23-B,PAC 23 SOLUTION BULK,2013-04,1.909,TO,S315,12490,Woolpunda,1424.6268656716418,sa,PAC23
51332,9477,SA Water Corporation,PAC23-B,PAC 23 SOLUTION BULK,2013-04,0.335,TO,S315,12495,Moorook WTP,250.00000000000003,sa,PAC23
51333,9477,SA Water Corporation,PAC23-B,PAC 23 SOLUTION BULK,2013-04,0.563,TO,S315,12494,Glossop WTP,420.14925373134326,sa,PAC23
51334,9477,SA Water Corporation,PAC23-B,PAC 23 SOLUTION BULK,2013-04,0.804,TO,S315,12497,Cadell WTP,600.0,sa,PAC23
51335,9477,SA Water Corporation,PAC23-B,PAC 23 SOLUTION BULK,2013-04,0.804,TO,S315,12515,Blanchetown WTP,600.0,sa,PAC23
51349,21193,Veolia Water Services (ANZ) Pty Ltd,PAC23-B,PAC 23 SOLUTION BULK,2013-02,25.0,TO,N118,38776,Lal Lal WTP,18656.716417910447,sa,PAC23
51357,21193,Veolia Water Services (ANZ) Pty Ltd,PAC23-B,PAC 23 SOLUTION BULK,2013-02,25.0,TO,N118,38776,Lal Lal WTP,18656.716417910447,sa,PAC23
51372,21193,Veolia Water Services (ANZ) Pty Ltd,PAC23-B,PAC 23 SOLUTION BULK,2013-01,17.0,TO,N118,38776,Lal Lal WTP,12686.567164179105,sa,PAC23
51376,21193,Veolia Water Services (ANZ) Pty Ltd,PAC23-B,PAC 23 SOLUTION BULK,2013-01,23.2,TO,N118,38776,Lal Lal WTP,17313.432835820895,sa,PAC23
51392,21193,Veolia Water Services (ANZ) Pty Ltd,PAC23-B,PAC 23 SOLUTION BULK,2012-12,25.0,TO,N118,38776,Lal Lal WTP,18656.716417910447,sa,PAC23
51398,21193,Veolia Water Services (ANZ) Pty Ltd,PAC23-B,PAC 23 SOLUTION BULK,2012-11,25.0,TO,N118,38776,Lal Lal WTP,18656.716417910447,sa,PAC23
51418,21193,Veolia Water Services (ANZ) Pty Ltd,PAC23-B,PAC 23 SOLUTION BULK,2012-11,25.0,TO,N118,38776,Lal Lal WTP,18656.716417910447,sa,PAC23
51428,21193,Veolia Water Services (ANZ) Pty Ltd,PAC23-B,PAC 23 SOLUTION BULK,2012-09,25.0,TO,N118,38776,Lal Lal WTP,18656.716417910447,sa,PAC23
51450,21193,Veolia Water Services (ANZ) Pty Ltd,PAC23-B,PAC 23 SOLUTION BULK,2012-08,25.0,TO,N118,38776,Lal Lal WTP,18656.716417910447,sa,PAC23
51453,21193,Veolia Water Services (ANZ) Pty Ltd,PAC23-B,PAC 23 SOLUTION BULK,2012-08,25.0,TO,N118,38776,Lal Lal WTP,18656.716417910447,sa,PAC23
51456,21193,Veolia Water Services (ANZ) Pty Ltd,PAC23-B,PAC 23 SOLUTION BULK,2012-07,25.0,TO,N118,38776,Lal Lal WTP,18656.716417910447,sa,PAC23
51466,21193,Veolia Water Services (ANZ) Pty Ltd,PAC23-B,PAC 23 SOLUTION BULK,2012-06,25.0,TO,N118,38776,Lal Lal WTP,18656.716417910447,sa,PAC23
51494,21193,Veolia Water Services (ANZ) Pty Ltd,PAC23-B,PAC 23 SOLUTION BULK,2012-05,25.0,TO,N118,38776,Lal Lal WTP,18656.716417910447,sa,PAC23
