,Sold-To Party,Name 1,Material,Description,Delivery Date,Confirmed Quantity,Sales Unit,Plant,Ship-To Party,Ship-to party name 1,Document Date,Quantity in L,SH_Customer No,state
46769,10071,Water Corporation WA - Main account,PAC23-15,PAC 23 SOLUTION - 15L,2018-01,10.0,PLY,V305,28881,BEENYUP-W Corp,2018-01,150.0,10071,wa
46777,10071,Water Corporation WA - Main account,PAC23-15,PAC 23 SOLUTION - 15L,2017-09,20.0,PLY,V305,28881,BEENYUP-W Corp,2017-08,300.0,10071,wa
46812,53143,Yara Pilbara Fertilisers Pty Ltd,PAC23-15,PAC 23 SOLUTION - 15L,2016-03,4.0,DRM,V305,59842,YARA PILBARA STORE c/o CENTURION TR,2016-03,800.0,53143,wa
46815,10071,Water Corporation WA - Main account,PAC23-15,PAC 23 SOLUTION - 15L,2016-02,16.0,DRM,V305,28881,BEENYUP-W Corp,2016-01,3200.0,10071,wa
46816,53143,Yara Pilbara Fertilisers Pty Ltd,PAC23-15,PAC 23 SOLUTION - 15L,2016-02,4.0,DRM,V305,59842,YARA PILBARA STORE c/o CENTURION TR,2015-12,800.0,53143,wa
46822,53143,Yara Pilbara Fertilisers Pty Ltd,PAC23-15,PAC 23 SOLUTION - 15L,2015-11,4.0,DRM,V305,59842,YARA PILBARA STORE c/o CENTURION TR,2015-10,800.0,53143,wa
46826,53143,Yara Pilbara Fertilisers Pty Ltd,PAC23-15,PAC 23 SOLUTION - 15L,2015-08,4.0,DRM,V305,59240,Yara Pilbara Ferilisers,2015-08,800.0,53143,wa
46864,57185,Department of Parks and Wildlife,PAC23-15,PAC 23 SOLUTION - 15L,2014-08,15.0,L,W300,57185,Department of Parks and Wildlife,2014-08,15.0,57185,wa
46895,10071,Water Corporation WA - Main account,PAC23-15,PAC 23 SOLUTION - 15L,2013-07,8.0,DRM,W300,39360,NARROGIN-W Corp,2013-07,1600.0,10071,wa
46947,10071,Water Corporation WA - Main account,PAC23-15,PAC 23 SOLUTION - 15L,,1.0,PLY,V305,28881,BEENYUP-W Corp,2017-09,15.0,10071,wa
46959,49602,Solenis Australia Pty Ltd,PAC23-1330,Magnasol 576 1330KG 31HA1,2021-02,7.98,TO,N118,49602,Solenis Australia Pty Ltd,2021-02,5955.2238805970155,49602,wa
47001,49602,Solenis Australia Pty Ltd,PAC23-1330,Magnasol 576 1330KG 31HA1,2020-08,5.0,IBC,N118,59913,Toll Chemical Logistics - Sydney,2020-08,5000.0,49602,wa
47057,4376,BORVEK PTY. LTD.,PAC23-1330,PAC 23 SOLUTION - 1330KG,2020-04,3.0,IBC,3RDW,4376,BORVEK PTY. LTD.,2020-02,3000.0,4376,wa
47058,4376,BORVEK PTY. LTD.,PAC23-1330,PAC 23 SOLUTION - 1330KG,2020-04,3.0,IBC,3RDW,4376,BORVEK PTY. LTD.,2020-02,3000.0,4376,wa
47059,4376,BORVEK PTY. LTD.,PAC23-1330,PAC 23 SOLUTION - 1330KG,2020-04,3.0,IBC,3RDW,4376,BORVEK PTY. LTD.,2020-02,3000.0,4376,wa
47060,4376,BORVEK PTY. LTD.,PAC23-1330,PAC 23 SOLUTION - 1330KG,2020-04,3.0,IBC,3RDW,4376,BORVEK PTY. LTD.,2020-02,3000.0,4376,wa
47061,4376,BORVEK PTY. LTD.,PAC23-1330,PAC 23 SOLUTION - 1330KG,2020-04,3.0,IBC,3RDW,4376,BORVEK PTY. LTD.,2020-02,3000.0,4376,wa
47062,4376,BORVEK PTY. LTD.,PAC23-1330,PAC 23 SOLUTION - 1330KG,2020-04,3.0,IBC,3RDW,4376,BORVEK PTY. LTD.,2020-02,3000.0,4376,wa
47161,49602,Solenis Australia Pty Ltd,PAC23-1330,Magnasol 576 1330KG 31HA1,2019-12,6.65,TO,N118,59913,Toll Chemical Logistics - Sydney,2019-11,4962.686567164179,49602,wa
47224,4376,BORVEK PTY. LTD.,PAC23-1330,PAC 23 SOLUTION - 1330KG,2019-09,3.0,IBC,3RDW,4376,BORVEK PTY. LTD.,2019-08,3000.0,4376,wa
47225,4376,BORVEK PTY. LTD.,PAC23-1330,PAC 23 SOLUTION - 1330KG,2019-09,3.0,IBC,3RDW,4376,BORVEK PTY. LTD.,2019-08,3000.0,4376,wa
47226,4376,BORVEK PTY. LTD.,PAC23-1330,PAC 23 SOLUTION - 1330KG,2019-09,3.0,IBC,3RDW,4376,BORVEK PTY. LTD.,2019-08,3000.0,4376,wa
47227,4376,BORVEK PTY. LTD.,PAC23-1330,PAC 23 SOLUTION - 1330KG,2019-09,3.0,IBC,3RDW,4376,BORVEK PTY. LTD.,2019-08,3000.0,4376,wa
47228,4376,BORVEK PTY. LTD.,PAC23-1330,PAC 23 SOLUTION - 1330KG,2019-09,3.0,IBC,3RDW,4376,BORVEK PTY. LTD.,2019-08,3000.0,4376,wa
47229,4376,BORVEK PTY. LTD.,PAC23-1330,PAC 23 SOLUTION - 1330KG,2019-09,2.0,IBC,3RDW,4376,BORVEK PTY. LTD.,2019-08,2000.0,4376,wa
47258,49602,Solenis Australia Pty Ltd,PAC23-1330,Magnasol 576 1330KG 31HA1,2019-07,6.65,TO,N118,59913,Toll Chemical Logistics - Sydney,2019-07,4962.686567164179,49602,wa
47309,49602,Solenis Australia Pty Ltd,PAC23-1330,Magnasol 576 1330KG 31HA1,2019-05,5.32,TO,N118,59913,Toll Chemical Logistics - Sydney,2019-04,3970.1492537313434,49602,wa
47336,4376,BORVEK PTY. LTD.,PAC23-1330,PAC 23 SOLUTION - 1330KG,2019-03,3.0,IBC,3RDW,4376,BORVEK PTY. LTD.,2019-02,3000.0,4376,wa
47337,4376,BORVEK PTY. LTD.,PAC23-1330,PAC 23 SOLUTION - 1330KG,2019-03,3.0,IBC,3RDW,4376,BORVEK PTY. LTD.,2019-02,3000.0,4376,wa
47338,4376,BORVEK PTY. LTD.,PAC23-1330,PAC 23 SOLUTION - 1330KG,2019-03,3.0,IBC,3RDW,4376,BORVEK PTY. LTD.,2019-02,3000.0,4376,wa
47339,4376,BORVEK PTY. LTD.,PAC23-1330,PAC 23 SOLUTION - 1330KG,2019-03,3.0,IBC,3RDW,4376,BORVEK PTY. LTD.,2019-02,3000.0,4376,wa
47340,4376,BORVEK PTY. LTD.,PAC23-1330,PAC 23 SOLUTION - 1330KG,2019-03,3.0,IBC,3RDW,4376,BORVEK PTY. LTD.,2019-02,3000.0,4376,wa
47341,4376,BORVEK PTY. LTD.,PAC23-1330,PAC 23 SOLUTION - 1330KG,2019-03,3.0,IBC,3RDW,4376,BORVEK PTY. LTD.,2019-02,3000.0,4376,wa
47344,49602,Solenis Australia Pty Ltd,PAC23-1330,Magnasol 576 1330KG 31HA1,2019-03,6.65,TO,N118,59913,Toll Chemical Logistics - Sydney,2019-03,4962.686567164179,49602,wa
47359,4376,BORVEK PTY. LTD.,PAC23-1330,PAC 23 SOLUTION - 1330KG,2019-03,6.65,TO,V305,4376,BORVEK PTY. LTD.,2019-02,4962.686567164179,4376,wa
47402,49602,Solenis Australia Pty Ltd,PAC23-1330,Magnasol 576 1330KG 31HA1,2018-12,2.66,TO,N118,59913,Toll Chemical Logistics - Sydney,2018-12,1985.0746268656717,49602,wa
47435,49602,Solenis Australia Pty Ltd,PAC23-1330,Magnasol 576 1330KG 31HA1,2018-10,3.99,TO,N118,59913,Toll Chemical Logistics - Sydney,2018-10,2977.6119402985078,49602,wa
47436,49602,Solenis Australia Pty Ltd,PAC23-1330,Magnasol 576 1330KG 31HA1,2018-10,2.66,TO,N118,59913,Toll Chemical Logistics - Sydney,2018-10,1985.0746268656717,49602,wa
47458,4528,Halliburton Australia Pty Ltd,PAC23-1330,PAC 23 SOLUTION - 1330KG,2018-08,5.0,IBC,S315,63550,Alice Springs DAF Plant PWC,2018-08,5000.0,4528,wa
47465,4376,BORVEK PTY. LTD.,PAC23-1330,PAC 23 SOLUTION - 1330KG,2018-08,3.0,IBC,3RDW,4376,BORVEK PTY. LTD.,2018-07,3000.0,4376,wa
47466,4376,BORVEK PTY. LTD.,PAC23-1330,PAC 23 SOLUTION - 1330KG,2018-08,3.0,IBC,3RDW,4376,BORVEK PTY. LTD.,2018-07,3000.0,4376,wa
47467,4376,BORVEK PTY. LTD.,PAC23-1330,PAC 23 SOLUTION - 1330KG,2018-08,3.0,IBC,3RDW,4376,BORVEK PTY. LTD.,2018-07,3000.0,4376,wa
47468,4376,BORVEK PTY. LTD.,PAC23-1330,PAC 23 SOLUTION - 1330KG,2018-08,3.0,IBC,3RDW,4376,BORVEK PTY. LTD.,2018-07,3000.0,4376,wa
47469,4376,BORVEK PTY. LTD.,PAC23-1330,PAC 23 SOLUTION - 1330KG,2018-08,3.0,IBC,3RDW,4376,BORVEK PTY. LTD.,2018-07,3000.0,4376,wa
47470,4376,BORVEK PTY. LTD.,PAC23-1330,PAC 23 SOLUTION - 1330KG,2018-08,3.0,IBC,3RDW,4376,BORVEK PTY. LTD.,2018-07,3000.0,4376,wa
47479,49602,Solenis Australia Pty Ltd,PAC23-1330,Magnasol 576 1330KG 31HA1,2018-08,2.66,TO,N118,59913,Toll Chemical Logistics - Sydney,2018-07,1985.0746268656717,49602,wa
47502,49602,Solenis Australia Pty Ltd,PAC23-1330,Magnasol 576 1330KG 31HA1,2018-07,1.33,TO,N118,59913,Toll Chemical Logistics - Sydney,2018-06,992.5373134328358,49602,wa
47514,49602,Solenis Australia Pty Ltd,PAC23-1330,Magnasol 576 1330KG 31HA1,2018-06,3.99,TO,N118,49602,Solenis Australia Pty Ltd,2018-05,2977.6119402985078,49602,wa
47520,49602,Solenis Australia Pty Ltd,PAC23-1330,PAC 23 SOLUTION - 1330KG,2018-05,2.66,TO,N118,49602,Solenis Australia Pty Ltd,2018-05,1985.0746268656717,49602,wa
47564,49602,Solenis Australia Pty Ltd,PAC23-1330,PAC 23 SOLUTION - 1330KG,2018-02,2.66,TO,N118,59913,Toll Chemical Logistics - Sydney,2018-02,1985.0746268656717,49602,wa
47575,49602,Solenis Australia Pty Ltd,PAC23-1330,PAC 23 SOLUTION - 1330KG,2018-01,2.66,TO,N118,59913,Toll Chemical Logistics - Sydney,2018-01,1985.0746268656717,49602,wa
47576,49602,Solenis Australia Pty Ltd,PAC23-1330,PAC 23 SOLUTION - 1330KG,2018-01,3.99,TO,N118,59913,Toll Chemical Logistics - Sydney,2018-01,2977.6119402985078,49602,wa
47605,49602,Solenis Australia Pty Ltd,PAC23-1330,PAC 23 SOLUTION - 1330KG,2017-11,2.66,TO,N118,59913,Toll Chemical Logistics - Sydney,2017-11,1985.0746268656717,49602,wa
47635,49602,Solenis Australia Pty Ltd,PAC23-1330,PAC 23 SOLUTION - 1330KG,2017-07,3.99,TO,N118,59913,Toll Chemical Logistics - Sydney,2017-07,2977.6119402985078,49602,wa
47960,10071,Water Corporation WA - Main account,PAC23-1330,PAC 23 SOLUTION - 1330KG,2015-12,5.0,BOX,W300,59666,DENMARK WTP -W CORP,2015-12,5000.0,10071,wa
47972,10071,Water Corporation WA - Main account,PAC23-1330,PAC 23 SOLUTION - 1330KG,2015-11,1.0,BOX,W300,39450,WYNDHAM WTP - W Corp,2015-11,1000.0,10071,wa
47973,10071,Water Corporation WA - Main account,PAC23-1330,PAC 23 SOLUTION - 1330KG,2015-11,2.0,BOX,W300,39360,NARROGIN-W Corp,2015-11,2000.0,10071,wa
47974,10071,Water Corporation WA - Main account,PAC23-1330,PAC 23 SOLUTION - 1330KG,2015-11,2.0,BOX,W300,10078,DENMARK-W Corp,2015-11,2000.0,10071,wa
48020,10071,Water Corporation WA - Main account,PAC23-1330,PAC 23 SOLUTION - 1330KG,2015-08,10.64,TO,W300,51671,KELMSCOTT DEPOT - W Corp,2015-07,7940.298507462687,10071,wa
48032,10071,Water Corporation WA - Main account,PAC23-1330,PAC 23 SOLUTION - 1330KG,2015-07,10.64,TO,W300,51671,KELMSCOTT DEPOT - W Corp,2015-06,7940.298507462687,10071,wa
48039,10071,Water Corporation WA - Main account,PAC23-1330,PAC 23 SOLUTION - 1330KG,2015-06,19.95,TO,W300,51671,KELMSCOTT DEPOT - W Corp,2015-06,14888.059701492537,10071,wa
48041,10071,Water Corporation WA - Main account,PAC23-1330,PAC 23 SOLUTION - 1330KG,2015-06,9.31,TO,W300,51671,KELMSCOTT DEPOT - W Corp,2015-06,6947.761194029851,10071,wa
48074,10071,Water Corporation WA - Main account,PAC23-1330,PAC 23 SOLUTION - 1330KG,2015-04,3.99,TO,W300,39938,RAVENSTHORPE-W Corp,2015-04,2977.6119402985078,10071,wa
48132,10071,Water Corporation WA - Main account,PAC23-1330,PAC 23 SOLUTION - 1330KG,2014-12,1.0,BOX,W300,39450,WYNDHAM WTP - W Corp,2014-12,1000.0,10071,wa
48148,10071,Water Corporation WA - Main account,PAC23-1330,PAC 23 SOLUTION - 1330KG,2014-11,1.0,BOX,W300,39450,WYNDHAM WTP - W Corp,2014-11,1000.0,10071,wa
48161,10071,Water Corporation WA - Main account,PAC23-1330,PAC 23 SOLUTION - 1330KG,2014-10,8.0,BOX,W300,39360,NARROGIN-W Corp,2014-10,8000.0,10071,wa
48182,57185,Department of Parks and Wildlife,PAC23-1330,PAC 23 SOLUTION - 1330KG,2014-09,1.0,BOX,W300,57185,Department of Parks and Wildlife,2014-08,1000.0,57185,wa
48224,10071,Water Corporation WA - Main account,PAC23-1330,PAC 23 SOLUTION - 1330KG,2014-05,3.0,BOX,W300,10079,ALBANY-W Corp,2014-05,3000.0,10071,wa
48323,10071,Water Corporation WA - Main account,PAC23-1330,PAC 23 SOLUTION - 1330KG,2013-12,6.0,BOX,W300,39360,NARROGIN-W Corp,2013-12,6000.0,10071,wa
48367,10071,Water Corporation WA - Main account,PAC23-1330,PAC 23 SOLUTION - 1330KG,2013-09,7.0,BOX,W300,51671,KELMSCOTT DEPOT - W Corp,2013-09,7000.0,10071,wa
48371,10071,Water Corporation WA - Main account,PAC23-1330,PAC 23 SOLUTION - 1330KG,2013-09,3.0,BOX,W300,51671,KELMSCOTT DEPOT - W Corp,2013-09,3000.0,10071,wa
48402,10071,Water Corporation WA - Main account,PAC23-1330,PAC 23 SOLUTION - 1330KG,2013-06,10.0,BOX,W300,39360,NARROGIN-W Corp,2013-05,10000.0,10071,wa
48638,10071,Water Corporation WA - Main account,PAC23-1330,PAC 23 SOLUTION - 1330KG,2011-08,3.0,BOX,W300,51671,KELMSCOTT DEPOT - W Corp,2011-07,3000.0,10071,wa
48639,10071,Water Corporation WA - Main account,PAC23-1330,PAC 23 SOLUTION - 1330KG,2011-08,7.0,BOX,W300,51671,KELMSCOTT DEPOT - W Corp,2011-07,7000.0,10071,wa
48641,49602,Solenis Australia Pty Ltd,PAC23-1330,PAC 23 SOLUTION - 1330KG,2011-08,6.65,TO,N118,38485,Ciba - Wyong,2011-07,4962.686567164179,49602,wa
48644,49602,Solenis Australia Pty Ltd,PAC23-1330,PAC 23 SOLUTION - 1330KG,2011-07,7.98,TO,N118,38485,Ciba - Wyong,2011-07,5955.2238805970155,49602,wa
48698,49602,Solenis Australia Pty Ltd,PAC23-1330,PAC 23 SOLUTION - 1330KG,2011-02,6.65,TO,N118,38485,Ciba - Wyong,2011-01,4962.686567164179,49602,wa
48699,49602,Solenis Australia Pty Ltd,PAC23-1330,PAC 23 SOLUTION - 1330KG,2011-01,7.98,TO,N118,38485,Ciba - Wyong,2011-01,5955.2238805970155,49602,wa
48715,49602,Solenis Australia Pty Ltd,PAC23-1330,PAC 23 SOLUTION - 1330KG,2010-12,7.88,TO,N118,38485,Ciba - Wyong,2010-11,5880.5970149253735,49602,wa
48719,49602,Solenis Australia Pty Ltd,PAC23-1330,PAC 23 SOLUTION - 1330KG,2010-12,6.5,TO,N118,38485,Ciba - Wyong,2010-11,4850.746268656717,49602,wa
48724,49602,Solenis Australia Pty Ltd,PAC23-1330,PAC 23 SOLUTION - 1330KG,2010-11,14.63,TO,N118,38485,Ciba - Wyong,2010-11,10917.910447761195,49602,wa
48762,49602,Solenis Australia Pty Ltd,PAC23-1330,PAC 23 SOLUTION - 1330KG,2010-09,6.65,TO,N118,38485,Ciba - Wyong,2010-09,4962.686567164179,49602,wa
48768,49602,Solenis Australia Pty Ltd,PAC23-1330,PAC 23 SOLUTION - 1330KG,2010-08,6.65,TO,N118,38485,Ciba - Wyong,2010-08,4962.686567164179,49602,wa
48772,49602,Solenis Australia Pty Ltd,PAC23-1330,PAC 23 SOLUTION - 1330KG,2010-07,7.98,TO,N118,38485,Ciba - Wyong,2010-07,5955.2238805970155,49602,wa
48967,10071,Water Corporation WA - Main account,PAC23-1330NR,PAC 23 SOLUTION - 1330KG IBC NR,2021-03,20.0,BOX,W300,59666,DENMARK WTP -W CORP,2021-03,20000.0,10071,wa
48994,10071,Water Corporation WA - Main account,PAC23-1330NR,PAC 23 SOLUTION - 1330KG IBC NR,2021-02,10.0,BOX,W300,59666,DENMARK WTP -W CORP,2021-02,10000.0,10071,wa
49004,10071,Water Corporation WA - Main account,PAC23-1330NR,PAC 23 SOLUTION - 1330KG IBC NR,2021-02,2.0,BOX,W300,59666,DENMARK WTP -W CORP,2021-02,2000.0,10071,wa
49027,10071,Water Corporation WA - Main account,PAC23-1330NR,PAC 23 SOLUTION - 1330KG IBC NR,2021-01,6.0,BOX,W300,59666,DENMARK WTP -W CORP,2021-01,6000.0,10071,wa
49028,10071,Water Corporation WA - Main account,PAC23-1330NR,PAC 23 SOLUTION - 1330KG IBC NR,2021-01,1.0,BOX,W300,60278,JERRAMUNGUP DEPOT-W Corp,2021-01,1000.0,10071,wa
49052,10071,Water Corporation WA - Main account,PAC23-1330NR,PAC 23 SOLUTION - 1330KG IBC NR,2020-12,13.0,BOX,W300,59666,DENMARK WTP -W CORP,2020-12,13000.0,10071,wa
49083,10071,Water Corporation WA - Main account,PAC23-1330NR,PAC 23 SOLUTION - 1330KG IBC NR,2020-11,1.0,BOX,W300,39450,WYNDHAM WTP - W Corp,2020-10,1000.0,10071,wa
49123,4425,Australian Mud Company Pty Ltd,PAC23-1330NR,PAC 23 SOLUTION - 1330KG IBC NR,2020-09,1.33,TO,W300,65992,Australian Mud Company Pty Lt,2020-08,992.5373134328358,4425,wa
49145,10071,Water Corporation WA - Main account,PAC23-1330NR,PAC 23 SOLUTION - 1330KG IBC NR,2020-08,1.0,BOX,W300,39450,WYNDHAM WTP - W Corp,2020-07,1000.0,10071,wa
49152,4376,BORVEK PTY. LTD.,PAC23-1330NR,PAC 23 SOLUTION - 1330KG IBC NR,2020-07,3.99,TO,3RDW,4376,BORVEK PTY. LTD.,2020-03,2977.6119402985078,4376,wa
49153,4376,BORVEK PTY. LTD.,PAC23-1330NR,PAC 23 SOLUTION - 1330KG IBC NR,2020-07,3.99,TO,3RDW,4376,BORVEK PTY. LTD.,2020-03,2977.6119402985078,4376,wa
49154,4376,BORVEK PTY. LTD.,PAC23-1330NR,PAC 23 SOLUTION - 1330KG IBC NR,2020-07,3.99,TO,3RDW,4376,BORVEK PTY. LTD.,2020-03,2977.6119402985078,4376,wa
49155,4376,BORVEK PTY. LTD.,PAC23-1330NR,PAC 23 SOLUTION - 1330KG IBC NR,2020-07,3.99,TO,3RDW,4376,BORVEK PTY. LTD.,2020-03,2977.6119402985078,4376,wa
49156,4376,BORVEK PTY. LTD.,PAC23-1330NR,PAC 23 SOLUTION - 1330KG IBC NR,2020-07,3.99,TO,3RDW,4376,BORVEK PTY. LTD.,2020-03,2977.6119402985078,4376,wa
49157,4376,BORVEK PTY. LTD.,PAC23-1330NR,PAC 23 SOLUTION - 1330KG IBC NR,2020-07,3.99,TO,3RDW,4376,BORVEK PTY. LTD.,2020-03,2977.6119402985078,4376,wa
49158,10071,Water Corporation WA - Main account,PAC23-1330NR,PAC 23 SOLUTION - 1330KG IBC NR,2020-07,6.0,BOX,W300,59666,DENMARK WTP -W CORP,2020-07,6000.0,10071,wa
49162,10071,Water Corporation WA - Main account,PAC23-1330NR,PAC 23 SOLUTION - 1330KG IBC NR,2020-07,3.0,BOX,W300,59666,DENMARK WTP -W CORP,2020-07,3000.0,10071,wa
49222,10071,Water Corporation WA - Main account,PAC23-1330NR,PAC 23 SOLUTION - 1330KG IBC NR,2020-01,1.0,BOX,W300,60278,JERRAMUNGUP DEPOT-W Corp,2020-01,1000.0,10071,wa
49233,10071,Water Corporation WA - Main account,PAC23-1330NR,PAC 23 SOLUTION - 1330KG IBC NR,2019-11,1.0,BOX,W300,39450,WYNDHAM WTP - W Corp,2019-11,1000.0,10071,wa
49236,10071,Water Corporation WA - Main account,PAC23-1330NR,PAC 23 SOLUTION - 1330KG IBC NR,2019-10,6.0,BOX,W300,59666,DENMARK WTP -W CORP,2019-10,6000.0,10071,wa
49239,10071,Water Corporation WA - Main account,PAC23-1330NR,PAC 23 SOLUTION - 1330KG IBC NR,2019-10,4.0,BOX,W300,59666,DENMARK WTP -W CORP,2019-10,4000.0,10071,wa
49242,10071,Water Corporation WA - Main account,PAC23-1330NR,PAC 23 SOLUTION - 1330KG IBC NR,2019-10,4.0,BOX,W300,59666,DENMARK WTP -W CORP,2019-10,4000.0,10071,wa
49243,10071,Water Corporation WA - Main account,PAC23-1330NR,PAC 23 SOLUTION - 1330KG IBC NR,2019-09,6.0,BOX,W300,59666,DENMARK WTP -W CORP,2019-09,6000.0,10071,wa
49250,10071,Water Corporation WA - Main account,PAC23-1330NR,PAC 23 SOLUTION - 1330KG IBC NR,2019-08,6.0,BOX,W300,59666,DENMARK WTP -W CORP,2019-08,6000.0,10071,wa
49251,10071,Water Corporation WA - Main account,PAC23-1330NR,PAC 23 SOLUTION - 1330KG IBC NR,2019-08,1.0,BOX,W300,60171,ALBANY DEPOT-W Corp,2019-08,1000.0,10071,wa
49252,10071,Water Corporation WA - Main account,PAC23-1330NR,PAC 23 SOLUTION - 1330KG IBC NR,2019-08,5.0,BOX,W300,59666,DENMARK WTP -W CORP,2019-08,5000.0,10071,wa
49253,10071,Water Corporation WA - Main account,PAC23-1330NR,PAC 23 SOLUTION - 1330KG IBC NR,2019-08,3.0,BOX,W300,59666,DENMARK WTP -W CORP,2019-07,3000.0,10071,wa
49255,57565,Ibis Water Pty Ltd,PAC23-1330NR,PAC 23 SOLUTION - 1330KG IBC NR,2019-07,1.33,TO,W300,57565,Ibis Water Pty Ltd,2019-07,992.5373134328358,57565,wa
49258,10071,Water Corporation WA - Main account,PAC23-1330NR,PAC 23 SOLUTION - 1330KG IBC NR,2019-07,3.0,BOX,W300,59666,DENMARK WTP -W CORP,2019-07,3000.0,10071,wa
49260,10071,Water Corporation WA - Main account,PAC23-1330NR,PAC 23 SOLUTION - 1330KG IBC NR,2019-06,3.0,BOX,W300,60171,ALBANY DEPOT-W Corp,2019-06,3000.0,10071,wa
49263,10071,Water Corporation WA - Main account,PAC23-1330NR,PAC 23 SOLUTION - 1330KG IBC NR,2019-05,2.0,BOX,W300,60171,ALBANY DEPOT-W Corp,2019-05,2000.0,10071,wa
49270,10071,Water Corporation WA - Main account,PAC23-1330NR,PAC 23 SOLUTION - 1330KG IBC NR,2019-02,1.0,BOX,W300,39450,WYNDHAM WTP - W Corp,2019-02,1000.0,10071,wa
49273,10071,Water Corporation WA - Main account,PAC23-1330NR,PAC 23 SOLUTION - 1330KG IBC NR,2019-01,4.0,BOX,W300,59666,DENMARK WTP -W CORP,2019-01,4000.0,10071,wa
49278,10071,Water Corporation WA - Main account,PAC23-1330NR,PAC 23 SOLUTION - 1330KG IBC NR,2018-12,1.0,BOX,W300,60278,JERRAMUNGUP DEPOT-W Corp,2018-12,1000.0,10071,wa
49282,10071,Water Corporation WA - Main account,PAC23-1330NR,PAC 23 SOLUTION - 1330KG IBC NR,2018-12,4.0,BOX,W300,59666,DENMARK WTP -W CORP,2018-12,4000.0,10071,wa
49283,10071,Water Corporation WA - Main account,PAC23-1330NR,PAC 23 SOLUTION - 1330KG IBC NR,2018-12,1.0,BOX,W300,39450,WYNDHAM WTP - W Corp,2018-12,1000.0,10071,wa
49290,10071,Water Corporation WA - Main account,PAC23-1330NR,PAC 23 SOLUTION - 1330KG IBC NR,2018-11,2.0,BOX,W300,60171,ALBANY DEPOT-W Corp,2018-10,2000.0,10071,wa
49291,10071,Water Corporation WA - Main account,PAC23-1330NR,PAC 23 SOLUTION - 1330KG IBC NR,2018-10,3.0,BOX,W300,59666,DENMARK WTP -W CORP,2018-10,3000.0,10071,wa
49294,10071,Water Corporation WA - Main account,PAC23-1330NR,PAC 23 SOLUTION - 1330KG IBC NR,2018-10,2.0,BOX,W300,60171,ALBANY DEPOT-W Corp,2018-10,2000.0,10071,wa
49300,10071,Water Corporation WA - Main account,PAC23-1330NR,PAC 23 SOLUTION - 1330KG IBC NR,2018-10,3.0,BOX,W300,59666,DENMARK WTP -W CORP,2018-10,3000.0,10071,wa
49301,10071,Water Corporation WA - Main account,PAC23-1330NR,PAC 23 SOLUTION - 1330KG IBC NR,2018-10,2.0,BOX,W300,60171,ALBANY DEPOT-W Corp,2018-10,2000.0,10071,wa
49308,10071,Water Corporation WA - Main account,PAC23-1330NR,PAC 23 SOLUTION - 1330KG IBC NR,2018-09,3.0,BOX,W300,59666,DENMARK WTP -W CORP,2018-09,3000.0,10071,wa
49312,10071,Water Corporation WA - Main account,PAC23-1330NR,PAC 23 SOLUTION - 1330KG IBC NR,2018-09,5.0,BOX,W300,60171,ALBANY DEPOT-W Corp,2018-09,5000.0,10071,wa
49314,10071,Water Corporation WA - Main account,PAC23-1330NR,PAC 23 SOLUTION - 1330KG IBC NR,2018-08,3.0,BOX,W300,59666,DENMARK WTP -W CORP,2018-08,3000.0,10071,wa
49315,10071,Water Corporation WA - Main account,PAC23-1330NR,PAC 23 SOLUTION - 1330KG IBC NR,2018-08,2.0,BOX,W300,60171,ALBANY DEPOT-W Corp,2018-08,2000.0,10071,wa
49317,10071,Water Corporation WA - Main account,PAC23-1330NR,PAC 23 SOLUTION - 1330KG IBC NR,2018-08,3.0,BOX,W300,59666,DENMARK WTP -W CORP,2018-08,3000.0,10071,wa
49320,10071,Water Corporation WA - Main account,PAC23-1330NR,PAC 23 SOLUTION - 1330KG IBC NR,2018-07,2.0,BOX,W300,60171,ALBANY DEPOT-W Corp,2018-07,2000.0,10071,wa
49321,10071,Water Corporation WA - Main account,PAC23-1330NR,PAC 23 SOLUTION - 1330KG IBC NR,2018-07,2.0,BOX,W300,59666,DENMARK WTP -W CORP,2018-07,2000.0,10071,wa
49329,10071,Water Corporation WA - Main account,PAC23-1330NR,PAC 23 SOLUTION - 1330KG IBC NR,2018-06,1.0,BOX,W300,60171,ALBANY DEPOT-W Corp,2018-06,1000.0,10071,wa
49343,10071,Water Corporation WA - Main account,PAC23-1330NR,PAC 23 SOLUTION - 1330KG IBC NR,2018-05,4.0,BOX,W300,60171,ALBANY DEPOT-W Corp,2018-05,4000.0,10071,wa
49355,10071,Water Corporation WA - Main account,PAC23-1330NR,PAC 23 SOLUTION - 1330KG IBC NR,2018-03,8.0,BOX,W300,22116,WOODMAN PT WWTP-W Corp,2018-03,8000.0,10071,wa
49356,10071,Water Corporation WA - Main account,PAC23-1330NR,PAC 23 SOLUTION - 1330KG IBC NR,2018-03,2.0,BOX,W300,22116,WOODMAN PT WWTP-W Corp,2018-03,2000.0,10071,wa
49380,10071,Water Corporation WA - Main account,PAC23-1330NR,PAC 23 SOLUTION - 1330KG IBC NR,2017-12,2.0,BOX,W300,59666,DENMARK WTP -W CORP,2017-12,2000.0,10071,wa
49381,10071,Water Corporation WA - Main account,PAC23-1330NR,PAC 23 SOLUTION - 1330KG IBC NR,2017-12,2.0,BOX,W300,59666,DENMARK WTP -W CORP,2017-12,2000.0,10071,wa
49382,10071,Water Corporation WA - Main account,PAC23-1330NR,PAC 23 SOLUTION - 1330KG IBC NR,2017-12,4.0,BOX,W300,59666,DENMARK WTP -W CORP,2017-12,4000.0,10071,wa
49385,10071,Water Corporation WA - Main account,PAC23-1330NR,PAC 23 SOLUTION - 1330KG IBC NR,2017-12,1.0,BOX,W300,39450,WYNDHAM WTP - W Corp,2017-12,1000.0,10071,wa
49395,10071,Water Corporation WA - Main account,PAC23-1330NR,PAC 23 SOLUTION - 1330KG IBC NR,2017-11,1.0,BOX,W300,60278,JERRAMUNGUP DEPOT-W Corp,2017-10,1000.0,10071,wa
49410,10071,Water Corporation WA - Main account,PAC23-1330NR,PAC 23 SOLUTION - 1330KG IBC NR,2017-10,2.0,BOX,W300,60171,ALBANY DEPOT-W Corp,2017-09,2000.0,10071,wa
49429,10071,Water Corporation WA - Main account,PAC23-1330NR,PAC 23 SOLUTION - 1330KG IBC NR,2017-08,10.0,BOX,W300,59666,DENMARK WTP -W CORP,2017-07,10000.0,10071,wa
49430,10071,Water Corporation WA - Main account,PAC23-1330NR,PAC 23 SOLUTION - 1330KG IBC NR,2017-07,1.0,BOX,W300,39450,WYNDHAM WTP - W Corp,2017-07,1000.0,10071,wa
49432,10071,Water Corporation WA - Main account,PAC23-1330NR,PAC 23 SOLUTION - 1330KG IBC NR,2017-07,3.0,BOX,W300,59666,DENMARK WTP -W CORP,2017-06,3000.0,10071,wa
49436,10071,Water Corporation WA - Main account,PAC23-1330NR,PAC 23 SOLUTION - 1330KG IBC NR,2017-06,9.0,BOX,W300,59666,DENMARK WTP -W CORP,2017-06,9000.0,10071,wa
49440,10071,Water Corporation WA - Main account,PAC23-1330NR,PAC 23 SOLUTION - 1330KG IBC NR,2017-06,5.0,BOX,W300,59666,DENMARK WTP -W CORP,2017-06,5000.0,10071,wa
49441,10071,Water Corporation WA - Main account,PAC23-1330NR,PAC 23 SOLUTION - 1330KG IBC NR,2017-06,2.0,BOX,W300,60171,ALBANY DEPOT-W Corp,2017-06,2000.0,10071,wa
49449,10071,Water Corporation WA - Main account,PAC23-1330NR,PAC 23 SOLUTION - 1330KG IBC NR,2017-05,2.0,BOX,W300,59666,DENMARK WTP -W CORP,2017-05,2000.0,10071,wa
49450,10071,Water Corporation WA - Main account,PAC23-1330NR,PAC 23 SOLUTION - 1330KG IBC NR,2017-05,2.0,BOX,W300,60171,ALBANY DEPOT-W Corp,2017-05,2000.0,10071,wa
49452,10071,Water Corporation WA - Main account,PAC23-1330NR,PAC 23 SOLUTION - 1330KG IBC NR,2017-05,5.0,BOX,W300,59666,DENMARK WTP -W CORP,2017-05,5000.0,10071,wa
49462,10071,Water Corporation WA - Main account,PAC23-1330NR,PAC 23 SOLUTION - 1330KG IBC NR,2017-03,10.0,BOX,W300,59666,DENMARK WTP -W CORP,2017-03,10000.0,10071,wa
49464,10071,Water Corporation WA - Main account,PAC23-1330NR,PAC 23 SOLUTION - 1330KG IBC NR,2017-03,3.0,BOX,W300,60171,ALBANY DEPOT-W Corp,2017-03,3000.0,10071,wa
49471,10071,Water Corporation WA - Main account,PAC23-1330NR,PAC 23 SOLUTION - 1330KG IBC NR,2017-02,5.0,BOX,W300,39360,NARROGIN-W Corp,2017-02,5000.0,10071,wa
49478,10071,Water Corporation WA - Main account,PAC23-1330NR,PAC 23 SOLUTION - 1330KG IBC NR,2017-02,2.0,BOX,W300,39360,NARROGIN-W Corp,2017-02,2000.0,10071,wa
49485,10071,Water Corporation WA - Main account,PAC23-1330NR,PAC 23 SOLUTION - 1330KG IBC NR,2017-01,6.0,BOX,W300,10078,DENMARK-W Corp,2017-01,6000.0,10071,wa
49490,10071,Water Corporation WA - Main account,PAC23-1330NR,PAC 23 SOLUTION - 1330KG IBC NR,2017-01,1.0,BOX,W300,39360,NARROGIN-W Corp,2017-01,1000.0,10071,wa
49491,10071,Water Corporation WA - Main account,PAC23-1330NR,PAC 23 SOLUTION - 1330KG IBC NR,2017-01,2.0,BOX,W300,60171,ALBANY DEPOT-W Corp,2017-01,2000.0,10071,wa
49492,10071,Water Corporation WA - Main account,PAC23-1330NR,PAC 23 SOLUTION - 1330KG IBC NR,2017-01,1.0,BOX,W300,60171,ALBANY DEPOT-W Corp,2017-01,1000.0,10071,wa
49499,10071,Water Corporation WA - Main account,PAC23-1330NR,PAC 23 SOLUTION - 1330KG IBC NR,2016-12,1.0,BOX,W300,39360,NARROGIN-W Corp,2016-12,1000.0,10071,wa
49504,10071,Water Corporation WA - Main account,PAC23-1330NR,PAC 23 SOLUTION - 1330KG IBC NR,2016-12,4.0,BOX,W300,10078,DENMARK-W Corp,2016-12,4000.0,10071,wa
49505,10071,Water Corporation WA - Main account,PAC23-1330NR,PAC 23 SOLUTION - 1330KG IBC NR,2016-12,1.0,BOX,W300,10078,DENMARK-W Corp,2016-11,1000.0,10071,wa
49506,10071,Water Corporation WA - Main account,PAC23-1330NR,PAC 23 SOLUTION - 1330KG IBC NR,2016-11,5.0,BOX,W300,51671,KELMSCOTT DEPOT - W Corp,2016-11,5000.0,10071,wa
49509,10071,Water Corporation WA - Main account,PAC23-1330NR,PAC 23 SOLUTION - 1330KG IBC NR,2016-11,9.0,BOX,W300,59666,DENMARK WTP -W CORP,2016-11,9000.0,10071,wa
49521,10071,Water Corporation WA - Main account,PAC23-1330NR,PAC 23 SOLUTION - 1330KG IBC NR,2016-09,6.0,BOX,W300,59666,DENMARK WTP -W CORP,2016-09,6000.0,10071,wa
49525,10071,Water Corporation WA - Main account,PAC23-1330NR,PAC 23 SOLUTION - 1330KG IBC NR,2016-09,1.0,BOX,W300,39450,WYNDHAM WTP - W Corp,2016-09,1000.0,10071,wa
49526,10071,Water Corporation WA - Main account,PAC23-1330NR,PAC 23 SOLUTION - 1330KG IBC NR,2016-09,2.0,BOX,W300,59666,DENMARK WTP -W CORP,2016-09,2000.0,10071,wa
49531,10071,Water Corporation WA - Main account,PAC23-1330NR,PAC 23 SOLUTION - 1330KG IBC NR,2016-09,4.0,BOX,W300,51671,KELMSCOTT DEPOT - W Corp,2016-09,4000.0,10071,wa
49559,10071,Water Corporation WA - Main account,PAC23-1330NR,PAC 23 SOLUTION - 1330KG IBC NR,2016-05,8.0,BOX,W300,59666,DENMARK WTP -W CORP,2016-05,8000.0,10071,wa
49562,10071,Water Corporation WA - Main account,PAC23-1330NR,PAC 23 SOLUTION - 1330KG IBC NR,2016-05,2.0,BOX,W300,55794,MANJIMUP DEPOT-W Corp,2016-05,2000.0,10071,wa
49564,10071,Water Corporation WA - Main account,PAC23-1330NR,PAC 23 SOLUTION - 1330KG IBC NR,2016-05,6.0,BOX,W300,59666,DENMARK WTP -W CORP,2016-05,6000.0,10071,wa
49567,10071,Water Corporation WA - Main account,PAC23-1330NR,PAC 23 SOLUTION - 1330KG IBC NR,2016-04,1.0,BOX,W300,59666,DENMARK WTP -W CORP,2016-04,1000.0,10071,wa
49570,10071,Water Corporation WA - Main account,PAC23-1330NR,PAC 23 SOLUTION - 1330KG IBC NR,2016-03,2.0,BOX,W300,60278,JERRAMUNGUP DEPOT-W Corp,2016-02,2000.0,10071,wa
49575,10071,Water Corporation WA - Main account,PAC23-1330NR,PAC 23 SOLUTION - 1330KG IBC NR,2016-03,10.0,BOX,W300,59666,DENMARK WTP -W CORP,2016-03,10000.0,10071,wa
49577,10071,Water Corporation WA - Main account,PAC23-1330NR,PAC 23 SOLUTION - 1330KG IBC NR,2016-03,1.0,BOX,W300,55794,MANJIMUP DEPOT-W Corp,2016-03,1000.0,10071,wa
49588,10071,Water Corporation WA - Main account,PAC23-1330NR,PAC 23 SOLUTION - 1330KG IBC NR,2016-02,6.0,BOX,W300,59666,DENMARK WTP -W CORP,2016-01,6000.0,10071,wa
49591,10071,Water Corporation WA - Main account,PAC23-1330NR,PAC 23 SOLUTION - 1330KG IBC NR,2016-02,4.0,BOX,W300,60171,ALBANY DEPOT-W Corp,2016-01,4000.0,10071,wa
49592,10071,Water Corporation WA - Main account,PAC23-1330NR,PAC 23 SOLUTION - 1330KG IBC NR,2016-01,10.0,BOX,W300,51671,KELMSCOTT DEPOT - W Corp,2015-12,10000.0,10071,wa
49603,10071,Water Corporation WA - Main account,PAC23-1330NR,PAC 23 SOLUTION - 1330KG IBC NR,2015-12,5.0,BOX,W300,59666,DENMARK WTP -W CORP,2015-12,5000.0,10071,wa
49609,10071,Water Corporation WA - Main account,PAC23-1330NR,PAC 23 SOLUTION - 1330KG IBC NR,2015-11,6.0,BOX,W300,10078,DENMARK-W Corp,2015-11,6000.0,10071,wa
49615,10071,Water Corporation WA - Main account,PAC23-1330NR,PAC 23 SOLUTION - 1330KG IBC NR,2015-10,8.0,BOX,W300,59666,DENMARK WTP -W CORP,2015-10,8000.0,10071,wa
49617,10071,Water Corporation WA - Main account,PAC23-1330NR,PAC 23 SOLUTION - 1330KG IBC NR,2015-10,8.0,BOX,W300,51671,KELMSCOTT DEPOT - W Corp,2015-10,8000.0,10071,wa
49634,10071,Water Corporation WA - Main account,PAC23-1330NR,PAC 23 SOLUTION - 1330KG IBC NR,2015-08,13.3,TO,W300,51671,KELMSCOTT DEPOT - W Corp,2015-08,9925.373134328358,10071,wa
49636,10071,Water Corporation WA - Main account,PAC23-1330NR,PAC 23 SOLUTION - 1330KG IBC NR,2015-08,2.66,TO,W300,39360,NARROGIN-W Corp,2015-08,1985.0746268656717,10071,wa
49679,55658,Ecolutia Services Pty Ltd,PAC23-1330NR,PAC 23 SOLUTION - 1330KG IBC NR,2014-09,2.0,BOX,N118,55660,Ecolutia C/O QNP,2014-09,2000.0,55658,wa
49682,55658,Ecolutia Services Pty Ltd,PAC23-1330NR,PAC 23 SOLUTION - 1330KG IBC NR,2014-09,2.0,BOX,N118,55660,Ecolutia C/O QNP,2014-08,2000.0,55658,wa
49685,55658,Ecolutia Services Pty Ltd,PAC23-1330NR,PAC 23 SOLUTION - 1330KG IBC NR,2014-07,2.0,BOX,N118,55660,Ecolutia C/O QNP,2014-07,2000.0,55658,wa
49686,55658,Ecolutia Services Pty Ltd,PAC23-1330NR,PAC 23 SOLUTION - 1330KG IBC NR,2014-06,3.0,IBC,N118,55660,Ecolutia C/O QNP,2014-06,3000.0,55658,wa
49690,55658,Ecolutia Services Pty Ltd,PAC23-1330NR,PAC 23 SOLUTION - 1330KG IBC NR,2014-06,3.0,IBC,N118,55660,Ecolutia C/O QNP,2014-06,3000.0,55658,wa
49701,55658,Ecolutia Services Pty Ltd,PAC23-1330NR,PAC 23 SOLUTION - 1330KG IBC NR,2014-04,2.0,BOX,N118,55660,Ecolutia C/O QNP,2014-04,2000.0,55658,wa
49703,55658,Ecolutia Services Pty Ltd,PAC23-1330NR,PAC 23 SOLUTION - 1330KG IBC NR,2014-04,2.0,BOX,N118,55660,Ecolutia C/O QNP,2014-04,2000.0,55658,wa
49704,55658,Ecolutia Services Pty Ltd,PAC23-1330NR,PAC 23 SOLUTION - 1330KG IBC NR,2014-03,2.0,BOX,N118,55660,Ecolutia C/O QNP,2014-03,2000.0,55658,wa
49709,55658,Ecolutia Services Pty Ltd,PAC23-1330NR,PAC 23 SOLUTION - 1330KG IBC NR,2014-03,1.0,IBC,N118,55660,Ecolutia C/O QNP,2014-03,1000.0,55658,wa
49710,55658,Ecolutia Services Pty Ltd,PAC23-1330NR,PAC 23 SOLUTION - 1330KG IBC NR,2014-03,2.0,IBC,N118,55660,Ecolutia C/O QNP,2014-03,2000.0,55658,wa
49712,55658,Ecolutia Services Pty Ltd,PAC23-1330NR,PAC 23 SOLUTION - 1330KG IBC NR,2014-02,1.0,IBC,N118,55660,Ecolutia C/O QNP,2014-02,1000.0,55658,wa
49713,55658,Ecolutia Services Pty Ltd,PAC23-1330NR,PAC 23 SOLUTION - 1330KG IBC NR,2014-02,1.0,IBC,N118,55660,Ecolutia C/O QNP,2014-02,1000.0,55658,wa
49717,55658,Ecolutia Services Pty Ltd,PAC23-1330NR,PAC 23 SOLUTION - 1330KG IBC NR,2014-02,1.0,IBC,N118,55660,Ecolutia C/O QNP,2014-01,1000.0,55658,wa
49723,55658,Ecolutia Services Pty Ltd,PAC23-1330NR,PAC 23 SOLUTION - 1330KG IBC NR,2014-01,1.33,TO,N118,55660,Ecolutia C/O QNP,2014-01,992.5373134328358,55658,wa
49730,55658,Ecolutia Services Pty Ltd,PAC23-1330NR,PAC 23 SOLUTION - 1330KG IBC NR,2013-12,2.0,BOX,N118,55660,Ecolutia C/O QNP,2013-12,2000.0,55658,wa
49731,55658,Ecolutia Services Pty Ltd,PAC23-1330NR,PAC 23 SOLUTION - 1330KG IBC NR,2013-12,2.0,BOX,N118,55660,Ecolutia C/O QNP,2013-12,2000.0,55658,wa
49734,10071,Water Corporation WA - Main account,PAC23-1330NR,PAC 23 SOLUTION - 1330KG IBC NR,2013-12,1.0,BOX,W300,39360,NARROGIN-W Corp,2013-12,1000.0,10071,wa
49738,55658,Ecolutia Services Pty Ltd,PAC23-1330NR,PAC 23 SOLUTION - 1330KG IBC NR,2013-12,1.0,BOX,N118,55660,Ecolutia C/O QNP,2013-11,1000.0,55658,wa
49741,55658,Ecolutia Services Pty Ltd,PAC23-1330NR,PAC 23 SOLUTION - 1330KG IBC NR,2013-11,1.0,BOX,N118,55660,Ecolutia C/O QNP,2013-11,1000.0,55658,wa
49819,10071,Water Corporation WA - Main account,PAC23-1330NR,PAC 23 SOLUTION - 1330KG IBC NR,2012-06,15.0,BOX,W300,51671,KELMSCOTT DEPOT - W Corp,2012-05,15000.0,10071,wa
49824,10071,Water Corporation WA - Main account,PAC23-1330NR,PAC 23 SOLUTION - 1330KG IBC NR,2012-05,15.0,BOX,W300,51671,KELMSCOTT DEPOT - W Corp,2012-05,15000.0,10071,wa
49847,10071,Water Corporation WA - Main account,PAC23-1330NR,PAC 23 SOLUTION - 1330KG IBC NR,2011-12,13.0,BOX,W300,51671,KELMSCOTT DEPOT - W Corp,2011-12,13000.0,10071,wa
49852,10071,Water Corporation WA - Main account,PAC23-1330NR,PAC 23 SOLUTION - 1330KG IBC NR,2011-09,1.0,BOX,W300,51671,KELMSCOTT DEPOT - W Corp,2011-09,1000.0,10071,wa
49854,10071,Water Corporation WA - Main account,PAC23-1330NR,PAC 23 SOLUTION - 1330KG IBC NR,2011-09,3.0,BOX,W300,51671,KELMSCOTT DEPOT - W Corp,2011-09,3000.0,10071,wa
49855,10071,Water Corporation WA - Main account,PAC23-1330NR,PAC 23 SOLUTION - 1330KG IBC NR,2011-08,17.0,BOX,W300,51671,KELMSCOTT DEPOT - W Corp,2011-08,17000.0,10071,wa
49856,10071,Water Corporation WA - Main account,PAC23-1330NR,PAC 23 SOLUTION - 1330KG IBC NR,2011-08,11.0,BOX,W300,51671,KELMSCOTT DEPOT - W Corp,2011-08,11000.0,10071,wa
49857,10071,Water Corporation WA - Main account,PAC23-1330NR,PAC 23 SOLUTION - 1330KG IBC NR,2011-08,4.0,BOX,W300,51671,KELMSCOTT DEPOT - W Corp,2011-08,4000.0,10071,wa
49858,10071,Water Corporation WA - Main account,PAC23-1330NR,PAC 23 SOLUTION - 1330KG IBC NR,2011-08,11.0,BOX,W300,51671,KELMSCOTT DEPOT - W Corp,2011-08,11000.0,10071,wa
49859,10071,Water Corporation WA - Main account,PAC23-1330NR,PAC 23 SOLUTION - 1330KG IBC NR,2011-08,7.0,BOX,W300,51671,KELMSCOTT DEPOT - W Corp,2011-08,7000.0,10071,wa
49860,10071,Water Corporation WA - Main account,PAC23-1330NR,PAC 23 SOLUTION - 1330KG IBC NR,2011-08,9.0,BOX,W300,51671,KELMSCOTT DEPOT - W Corp,2011-08,9000.0,10071,wa
49861,10071,Water Corporation WA - Main account,PAC23-1330NR,PAC 23 SOLUTION - 1330KG IBC NR,2011-08,1.0,BOX,W300,51671,KELMSCOTT DEPOT - W Corp,2011-07,1000.0,10071,wa
49865,10071,Water Corporation WA - Main account,PAC23-1330NR,PAC 23 SOLUTION - 1330KG IBC NR,2011-06,4.0,BOX,W300,51671,KELMSCOTT DEPOT - W Corp,2011-05,4000.0,10071,wa
49872,49602,Solenis Australia Pty Ltd,PAC23-1330NR,PAC 23 SOLUTION - 1330KG nr,2011-02,6.65,TO,N118,38485,Ciba - Wyong,2011-02,4962.686567164179,49602,wa
49873,49602,Solenis Australia Pty Ltd,PAC23-1330NR,PAC 23 SOLUTION - 1330KG nr,2011-02,7.98,TO,N118,38485,Ciba - Wyong,2011-02,5955.2238805970155,49602,wa
49894,4425,Australian Mud Company Pty Ltd,PAC23-1330NR,PAC 23 SOLUTION - 1330KG IBC NR,,1.33,TO,W300,65992,Australian Mud Company Pty Lt,2020-09,992.5373134328358,4425,wa
49897,10071,Water Corporation WA - Main account,PAC23-1330NR,PAC 23 SOLUTION - 1330KG IBC NR,,1.0,BOX,W300,39360,NARROGIN-W Corp,2017-01,1000.0,10071,wa
49903,4425,Australian Mud Company Pty Ltd,PAC23-1330NR,PAC 23 SOLUTION - 1330KG IBC NR,,1.33,TO,W300,65992,Australian Mud Company Pty Lt,2020-09,992.5373134328358,4425,wa
49907,10071,Water Corporation WA - Main account,PAC23-1330NR,PAC 23 SOLUTION - 1330KG IBC NR,,1.0,BOX,W300,39360,NARROGIN-W Corp,2017-01,1000.0,10071,wa
49914,4528,Halliburton Australia Pty Ltd,PAC23-B,PAC 23 SOLUTION BULK,2021-04,37.0,TO,N118,63550,Alice Springs DAF Plant PWC,2021-04,27611.940298507463,4528,wa
49963,4528,Halliburton Australia Pty Ltd,PAC23-B,PAC 23 SOLUTION BULK,2021-01,37.0,TO,N118,63550,Alice Springs DAF Plant PWC,2021-01,27611.940298507463,4528,wa
50012,4528,Halliburton Australia Pty Ltd,PAC23-B,PAC 23 SOLUTION BULK,2020-12,37.0,TO,N118,63550,Alice Springs DAF Plant PWC,2020-11,27611.940298507463,4528,wa
50030,4528,Halliburton Australia Pty Ltd,PAC23-B,PAC 23 SOLUTION BULK,2020-10,37.0,TO,N118,63550,Alice Springs DAF Plant PWC,2020-10,27611.940298507463,4528,wa
50051,4528,Halliburton Australia Pty Ltd,PAC23-B,PAC 23 SOLUTION BULK,2020-09,37.0,TO,N118,63550,Alice Springs DAF Plant PWC,2020-08,27611.940298507463,4528,wa
50067,10071,Water Corporation WA - Main account,PAC23-B,PAC 23 SOLUTION BULK,2020-08,24.0,TO,W300,59666,DENMARK WTP -W CORP,2020-06,17910.44776119403,10071,wa
50074,4528,Halliburton Australia Pty Ltd,PAC23-B,PAC 23 SOLUTION BULK,2020-07,37.0,TO,N118,63550,Alice Springs DAF Plant PWC,2020-07,27611.940298507463,4528,wa
50104,4528,Halliburton Australia Pty Ltd,PAC23-B,PAC 23 SOLUTION BULK,2020-05,37.0,TO,N118,63550,Alice Springs DAF Plant PWC,2020-05,27611.940298507463,4528,wa
50136,4528,Halliburton Australia Pty Ltd,PAC23-B,PAC 23 SOLUTION BULK,2020-03,37.0,TO,N118,63550,Alice Springs DAF Plant PWC,2020-03,27611.940298507463,4528,wa
50140,10071,Water Corporation WA - Main account,PAC23-B,PAC 23 SOLUTION BULK,2020-03,24.0,TO,W300,59666,DENMARK WTP -W CORP,2020-02,17910.44776119403,10071,wa
50167,4528,Halliburton Australia Pty Ltd,PAC23-B,PAC 23 SOLUTION BULK,2020-01,37.0,TO,N118,63550,Alice Springs DAF Plant PWC,2020-01,27611.940298507463,4528,wa
50186,10071,Water Corporation WA - Main account,PAC23-B,PAC 23 SOLUTION BULK,2019-12,24.0,TO,W300,10078,DENMARK-W Corp,2019-11,17910.44776119403,10071,wa
50190,4528,Halliburton Australia Pty Ltd,PAC23-B,PAC 23 SOLUTION BULK,2019-12,37.0,TO,N118,63550,Alice Springs DAF Plant PWC,2019-11,27611.940298507463,4528,wa
50219,4528,Halliburton Australia Pty Ltd,PAC23-B,PAC 23 SOLUTION BULK,2019-10,37.0,TO,N118,63550,Alice Springs DAF Plant PWC,2019-10,27611.940298507463,4528,wa
50223,10071,Water Corporation WA - Main account,PAC23-B,PAC 23 SOLUTION BULK,2019-10,24.0,TO,W300,59666,DENMARK WTP -W CORP,2019-09,17910.44776119403,10071,wa
50238,4528,Halliburton Australia Pty Ltd,PAC23-B,PAC 23 SOLUTION BULK,2019-09,37.0,TO,N118,63550,Alice Springs DAF Plant PWC,2019-08,27611.940298507463,4528,wa
50254,4528,Halliburton Australia Pty Ltd,PAC23-B,PAC 23 SOLUTION BULK,2019-07,37.0,TO,N118,63550,Alice Springs DAF Plant PWC,2019-07,27611.940298507463,4528,wa
50259,10071,Water Corporation WA - Main account,PAC23-B,PAC 23 SOLUTION BULK,2019-07,24.0,TO,W300,59666,DENMARK WTP -W CORP,2019-06,17910.44776119403,10071,wa
50268,4528,Halliburton Australia Pty Ltd,PAC23-B,PAC 23 SOLUTION BULK,2019-06,37.0,TO,N118,63550,Alice Springs DAF Plant PWC,2019-06,27611.940298507463,4528,wa
50291,4528,Halliburton Australia Pty Ltd,PAC23-B,PAC 23 SOLUTION BULK,2019-05,37.0,TO,N118,63550,Alice Springs DAF Plant PWC,2019-04,27611.940298507463,4528,wa
50301,10071,Water Corporation WA - Main account,PAC23-B,PAC 23 SOLUTION BULK,2019-04,24.0,TO,W300,59666,DENMARK WTP -W CORP,2019-04,17910.44776119403,10071,wa
50308,4528,Halliburton Australia Pty Ltd,PAC23-B,PAC 23 SOLUTION BULK,2019-04,37.0,TO,N118,63550,Alice Springs DAF Plant PWC,2019-03,27611.940298507463,4528,wa
50327,4528,Halliburton Australia Pty Ltd,PAC23-B,PAC 23 SOLUTION BULK,2019-02,0.14,TO,N118,63550,Alice Springs DAF Plant PWC,2019-02,104.47761194029852,4528,wa
50337,4528,Halliburton Australia Pty Ltd,PAC23-B,PAC 23 SOLUTION BULK,2019-02,37.0,TO,N118,63550,Alice Springs DAF Plant PWC,2019-02,27611.940298507463,4528,wa
50360,10071,Water Corporation WA - Main account,PAC23-B,PAC 23 SOLUTION BULK,2019-01,24.0,TO,W300,59666,DENMARK WTP -W CORP,2018-12,17910.44776119403,10071,wa
50363,4528,Halliburton Australia Pty Ltd,PAC23-B,PAC 23 SOLUTION BULK,2018-12,37.0,TO,N118,63550,Alice Springs DAF Plant PWC,2018-12,27611.940298507463,4528,wa
50386,4528,Halliburton Australia Pty Ltd,PAC23-B,PAC 23 SOLUTION BULK,2018-11,37.0,TO,N118,63550,Alice Springs DAF Plant PWC,2018-11,27611.940298507463,4528,wa
50391,10071,Water Corporation WA - Main account,PAC23-B,PAC 23 SOLUTION BULK,2018-11,24.0,TO,W300,59666,DENMARK WTP -W CORP,2018-10,17910.44776119403,10071,wa
50401,4528,Halliburton Australia Pty Ltd,PAC23-B,PAC 23 SOLUTION BULK,2018-10,37.0,TO,N118,63550,Alice Springs DAF Plant PWC,2018-09,27611.940298507463,4528,wa
50409,4528,Halliburton Australia Pty Ltd,PAC23-B,PAC 23 SOLUTION BULK,2018-08,37.0,TO,N118,63550,Alice Springs DAF Plant PWC,2018-08,27611.940298507463,4528,wa
50418,10071,Water Corporation WA - Main account,PAC23-B,PAC 23 SOLUTION BULK,2018-07,24.0,TO,W300,59666,DENMARK WTP -W CORP,2018-07,17910.44776119403,10071,wa
50445,10071,Water Corporation WA - Main account,PAC23-B,PAC 23 SOLUTION BULK,2018-05,24.0,TO,W300,59666,DENMARK WTP -W CORP,2018-04,17910.44776119403,10071,wa
50482,10071,Water Corporation WA - Main account,PAC23-B,PAC 23 SOLUTION BULK,2018-02,24.0,TO,W300,59666,DENMARK WTP -W CORP,2018-01,17910.44776119403,10071,wa
50505,10071,Water Corporation WA - Main account,PAC23-B,PAC 23 SOLUTION BULK,2017-12,24.0,TO,W300,59666,DENMARK WTP -W CORP,2017-12,17910.44776119403,10071,wa
50531,10071,Water Corporation WA - Main account,PAC23-B,PAC 23 SOLUTION BULK,2017-11,24.0,TO,W300,59666,DENMARK WTP -W CORP,2017-10,17910.44776119403,10071,wa
50557,10071,Water Corporation WA - Main account,PAC23-B,PAC 23 SOLUTION BULK,2017-08,24.0,TO,W300,59666,DENMARK WTP -W CORP,2017-08,17910.44776119403,10071,wa
50619,49602,Solenis Australia Pty Ltd,PAC23-B,PAC 23 SOLUTION BULK,2017-03,1.33,TO,N118,59913,Toll Chemical Logistics - Sydney,2017-03,992.5373134328358,49602,wa
50620,49602,Solenis Australia Pty Ltd,PAC23-B,PAC 23 SOLUTION BULK,2017-03,2.66,TO,N118,59913,Toll Chemical Logistics - Sydney,2017-03,1985.0746268656717,49602,wa
50629,10071,Water Corporation WA - Main account,PAC23-B,PAC 23 SOLUTION BULK,2017-03,24.0,TO,W300,59666,DENMARK WTP -W CORP,2017-01,17910.44776119403,10071,wa
50659,49602,Solenis Australia Pty Ltd,PAC23-B,PAC 23 SOLUTION BULK,2017-02,3.99,TO,N118,59913,Toll Chemical Logistics - Sydney,2017-02,2977.6119402985078,49602,wa
50661,49602,Solenis Australia Pty Ltd,PAC23-B,PAC 23 SOLUTION BULK,2017-02,13.3,TO,N118,59913,Toll Chemical Logistics - Sydney,2017-01,9925.373134328358,49602,wa
50662,49602,Solenis Australia Pty Ltd,PAC23-B,PAC 23 SOLUTION BULK,2017-02,13.3,TO,N118,59913,Toll Chemical Logistics - Sydney,2017-01,9925.373134328358,49602,wa
50663,49602,Solenis Australia Pty Ltd,PAC23-B,PAC 23 SOLUTION BULK,2017-02,2.66,TO,N118,59913,Toll Chemical Logistics - Sydney,2017-01,1985.0746268656717,49602,wa
50667,10071,Water Corporation WA - Main account,PAC23-B,PAC 23 SOLUTION BULK,2017-02,24.0,TO,W300,59666,DENMARK WTP -W CORP,2017-01,17910.44776119403,10071,wa
50717,10071,Water Corporation WA - Main account,PAC23-B,PAC 23 SOLUTION BULK,2016-12,24.0,TO,W300,59666,DENMARK WTP -W CORP,2016-12,17910.44776119403,10071,wa
50737,49602,Solenis Australia Pty Ltd,PAC23-B,PAC 23 SOLUTION BULK,2016-11,2.66,TO,N118,59913,Toll Chemical Logistics - Sydney,2016-11,1985.0746268656717,49602,wa
50763,10071,Water Corporation WA - Main account,PAC23-B,PAC 23 SOLUTION BULK,2016-09,24.0,TO,W300,59666,DENMARK WTP -W CORP,2016-09,17910.44776119403,10071,wa
50775,49602,Solenis Australia Pty Ltd,PAC23-B,PAC 23 SOLUTION BULK,2016-09,13.33,TO,N118,59913,Toll Chemical Logistics - Sydney,2016-09,9947.76119402985,49602,wa
50776,49602,Solenis Australia Pty Ltd,PAC23-B,PAC 23 SOLUTION BULK,2016-09,13.33,TO,N118,59913,Toll Chemical Logistics - Sydney,2016-09,9947.76119402985,49602,wa
50777,49602,Solenis Australia Pty Ltd,PAC23-B,PAC 23 SOLUTION BULK,2016-09,13.33,TO,N118,59913,Toll Chemical Logistics - Sydney,2016-09,9947.76119402985,49602,wa
50778,49602,Solenis Australia Pty Ltd,PAC23-B,PAC 23 SOLUTION BULK,2016-09,1.33,TO,N118,59913,Toll Chemical Logistics - Sydney,2016-09,992.5373134328358,49602,wa
50792,49602,Solenis Australia Pty Ltd,PAC23-B,PAC 23 SOLUTION BULK,2016-08,13.3,TO,N118,59913,Toll Chemical Logistics - Sydney,2016-09,9925.373134328358,49602,wa
50794,49602,Solenis Australia Pty Ltd,PAC23-B,PAC 23 SOLUTION BULK,2016-08,13.33,TO,N118,59913,Toll Chemical Logistics - Sydney,2016-07,9947.76119402985,49602,wa
50795,49602,Solenis Australia Pty Ltd,PAC23-B,PAC 23 SOLUTION BULK,2016-08,13.3,TO,N118,59913,Toll Chemical Logistics - Sydney,2016-09,9925.373134328358,49602,wa
50796,49602,Solenis Australia Pty Ltd,PAC23-B,PAC 23 SOLUTION BULK,2016-08,13.33,TO,N118,59913,Toll Chemical Logistics - Sydney,2016-07,9947.76119402985,49602,wa
50800,49602,Solenis Australia Pty Ltd,PAC23-B,PAC 23 SOLUTION BULK,2016-08,13.3,TO,N118,59913,Toll Chemical Logistics - Sydney,2016-09,9925.373134328358,49602,wa
50801,49602,Solenis Australia Pty Ltd,PAC23-B,PAC 23 SOLUTION BULK,2016-08,13.33,TO,N118,59913,Toll Chemical Logistics - Sydney,2016-07,9947.76119402985,49602,wa
50810,49602,Solenis Australia Pty Ltd,PAC23-B,PAC 23 SOLUTION BULK,2016-07,13.3,TO,N118,59913,Toll Chemical Logistics - Sydney,2016-07,9925.373134328358,49602,wa
50813,49602,Solenis Australia Pty Ltd,PAC23-B,PAC 23 SOLUTION BULK,2016-07,2.66,TO,N118,59913,Toll Chemical Logistics - Sydney,2016-07,1985.0746268656717,49602,wa
50815,49602,Solenis Australia Pty Ltd,PAC23-B,PAC 23 SOLUTION BULK,2016-07,3.99,TO,N118,59913,Toll Chemical Logistics - Sydney,2016-07,2977.6119402985078,49602,wa
50816,49602,Solenis Australia Pty Ltd,PAC23-B,PAC 23 SOLUTION BULK,2016-07,18.62,TO,N118,59913,Toll Chemical Logistics - Sydney,2016-07,13895.522388059702,49602,wa
50838,10071,Water Corporation WA - Main account,PAC23-B,PAC 23 SOLUTION BULK,2016-06,24.0,TO,N118,59666,DENMARK WTP -W CORP,2016-05,17910.44776119403,10071,wa
50851,49602,Solenis Australia Pty Ltd,PAC23-B,PAC 23 SOLUTION BULK,2016-04,18.62,TO,N118,59913,Toll Chemical Logistics - Sydney,2016-04,13895.522388059702,49602,wa
50862,49602,Solenis Australia Pty Ltd,PAC23-B,PAC 23 SOLUTION BULK,2016-03,18.62,TO,N118,59913,Toll Chemical Logistics - Sydney,2016-03,13895.522388059702,49602,wa
50890,49602,Solenis Australia Pty Ltd,PAC23-B,PAC 23 SOLUTION BULK,2016-02,3.99,TO,N118,59913,Toll Chemical Logistics - Sydney,2016-02,2977.6119402985078,49602,wa
50931,49602,Solenis Australia Pty Ltd,PAC23-B,PAC 23 SOLUTION BULK,2015-11,7.98,TO,N118,59913,Toll Chemical Logistics - Sydney,2015-11,5955.2238805970155,49602,wa
50955,49602,Solenis Australia Pty Ltd,PAC23-B,PAC 23 SOLUTION BULK,2015-09,18.62,TO,N118,52471,BASF Wyong,2015-08,13895.522388059702,49602,wa
50970,49602,Solenis Australia Pty Ltd,PAC23-B,PAC 23 SOLUTION BULK,2015-08,7.98,TO,N118,52471,BASF Wyong,2015-07,5955.2238805970155,49602,wa
50972,49602,Solenis Australia Pty Ltd,PAC23-B,PAC 23 SOLUTION BULK,2015-08,6.65,TO,N118,52471,BASF Wyong,2015-07,4962.686567164179,49602,wa
50975,49602,Solenis Australia Pty Ltd,PAC23-B,PAC 23 SOLUTION BULK,2015-08,6.65,TO,N118,52471,BASF Wyong,2015-07,4962.686567164179,49602,wa
50983,49602,Solenis Australia Pty Ltd,PAC23-B,PAC 23 SOLUTION BULK,2015-07,6.65,TO,N118,52471,BASF Wyong,2015-06,4962.686567164179,49602,wa
50984,49602,Solenis Australia Pty Ltd,PAC23-B,PAC 23 SOLUTION BULK,2015-06,18.62,TO,N118,52471,BASF Wyong,2015-06,13895.522388059702,49602,wa
50985,49602,Solenis Australia Pty Ltd,PAC23-B,PAC 23 SOLUTION BULK,2015-06,6.65,TO,N118,52471,BASF Wyong,2015-06,4962.686567164179,49602,wa
51023,49602,Solenis Australia Pty Ltd,PAC23-B,PAC 23 SOLUTION BULK,2015-03,2.66,TO,N118,52471,BASF Wyong,2015-03,1985.0746268656717,49602,wa
51047,49602,Solenis Australia Pty Ltd,PAC23-B,PAC 23 SOLUTION BULK,2015-01,7.98,TO,N118,52471,BASF Wyong,2015-01,5955.2238805970155,49602,wa
51060,49602,Solenis Australia Pty Ltd,PAC23-B,PAC 23 SOLUTION BULK,2014-12,7.98,TO,N118,52471,BASF Wyong,2014-12,5955.2238805970155,49602,wa
51063,49602,Solenis Australia Pty Ltd,PAC23-B,PAC 23 SOLUTION BULK,2014-12,6.65,TO,N118,52471,BASF Wyong,2014-12,4962.686567164179,49602,wa
51069,49602,Solenis Australia Pty Ltd,PAC23-B,PAC 23 SOLUTION BULK,2014-11,7.98,TO,N118,52471,BASF Wyong,2014-11,5955.2238805970155,49602,wa
51077,49602,Solenis Australia Pty Ltd,PAC23-B,PAC 23 SOLUTION BULK,2014-10,6.65,TO,N118,52471,BASF Wyong,2014-10,4962.686567164179,49602,wa
51098,49602,Solenis Australia Pty Ltd,PAC23-B,PAC 23 SOLUTION BULK,2014-09,7.98,TO,N118,52471,BASF Wyong,2014-09,5955.2238805970155,49602,wa
51108,49602,Solenis Australia Pty Ltd,PAC23-B,PAC 23 SOLUTION BULK,2014-07,2.66,TO,N118,52471,BASF Wyong,2014-07,1985.0746268656717,49602,wa
51115,49602,Solenis Australia Pty Ltd,PAC23-B,PAC 23 SOLUTION BULK,2014-07,1.33,TO,N118,52471,BASF Wyong,2014-06,992.5373134328358,49602,wa
51118,49602,Solenis Australia Pty Ltd,PAC23-B,PAC 23 SOLUTION BULK,2014-06,6.65,TO,N118,52471,BASF Wyong,2014-06,4962.686567164179,49602,wa
51123,49602,Solenis Australia Pty Ltd,PAC23-B,PAC 23 SOLUTION BULK,2014-06,7.98,TO,N118,52471,BASF Wyong,2014-06,5955.2238805970155,49602,wa
51124,49602,Solenis Australia Pty Ltd,PAC23-B,PAC 23 SOLUTION BULK,2014-06,6.65,TO,N118,52471,BASF Wyong,2014-06,4962.686567164179,49602,wa
51131,49602,Solenis Australia Pty Ltd,PAC23-B,PAC 23 SOLUTION BULK,2014-05,6.65,TO,N118,52471,BASF Wyong,2014-05,4962.686567164179,49602,wa
51136,49602,Solenis Australia Pty Ltd,PAC23-B,PAC 23 SOLUTION BULK,2014-05,10.64,TO,N118,52471,BASF Wyong,2014-05,7940.298507462687,49602,wa
51141,49602,Solenis Australia Pty Ltd,PAC23-B,PAC 23 SOLUTION BULK,2014-04,6.65,TO,N118,52471,BASF Wyong,2014-04,4962.686567164179,49602,wa
51149,49602,Solenis Australia Pty Ltd,PAC23-B,PAC 23 SOLUTION BULK,2014-04,7.98,TO,N118,52471,BASF Wyong,2014-04,5955.2238805970155,49602,wa
51165,49602,Solenis Australia Pty Ltd,PAC23-B,PAC 23 SOLUTION BULK,2014-02,6.65,TO,N118,52471,BASF Wyong,2014-02,4962.686567164179,49602,wa
51170,49602,Solenis Australia Pty Ltd,PAC23-B,PAC 23 SOLUTION BULK,2014-02,6.65,TO,N118,52471,BASF Wyong,2014-02,4962.686567164179,49602,wa
51199,49602,Solenis Australia Pty Ltd,PAC23-B,PAC 23 SOLUTION BULK,2013-12,7.98,TO,N118,52471,BASF Wyong,2013-12,5955.2238805970155,49602,wa
51207,49602,Solenis Australia Pty Ltd,PAC23-B,PAC 23 SOLUTION BULK,2013-11,6.65,TO,N118,52471,BASF Wyong,2013-11,4962.686567164179,49602,wa
51208,49602,Solenis Australia Pty Ltd,PAC23-B,PAC 23 SOLUTION BULK,2013-11,3.99,TO,N118,52471,BASF Wyong,2013-11,2977.6119402985078,49602,wa
51209,49602,Solenis Australia Pty Ltd,PAC23-B,PAC 23 SOLUTION BULK,2013-11,6.65,TO,N118,52471,BASF Wyong,2013-11,4962.686567164179,49602,wa
51219,49602,Solenis Australia Pty Ltd,PAC23-B,PAC 23 SOLUTION BULK,2013-11,6.65,TO,N118,52471,BASF Wyong,2013-11,4962.686567164179,49602,wa
51228,49602,Solenis Australia Pty Ltd,PAC23-B,PAC 23 SOLUTION BULK,2013-10,7.98,TO,N118,52471,BASF Wyong,2013-10,5955.2238805970155,49602,wa
51230,49602,Solenis Australia Pty Ltd,PAC23-B,PAC 23 SOLUTION BULK,2013-10,6.65,TO,N118,52471,BASF Wyong,2013-10,4962.686567164179,49602,wa
51234,49602,Solenis Australia Pty Ltd,PAC23-B,PAC 23 SOLUTION BULK,2013-10,11.97,TO,N118,52471,BASF Wyong,2013-08,8932.835820895523,49602,wa
51238,49602,Solenis Australia Pty Ltd,PAC23-B,PAC 23 SOLUTION BULK,2013-09,6.65,TO,N118,52471,BASF Wyong,2013-09,4962.686567164179,49602,wa
51240,49602,Solenis Australia Pty Ltd,PAC23-B,PAC 23 SOLUTION BULK,2013-09,5.32,TO,N118,52471,BASF Wyong,2013-09,3970.1492537313434,49602,wa
51250,49602,Solenis Australia Pty Ltd,PAC23-B,PAC 23 SOLUTION BULK,2013-09,2.66,TO,N118,52471,BASF Wyong,2013-08,1985.0746268656717,49602,wa
51257,49602,Solenis Australia Pty Ltd,PAC23-B,PAC 23 SOLUTION BULK,2013-08,2.66,TO,N118,52471,BASF Wyong,2013-08,1985.0746268656717,49602,wa
51262,49602,Solenis Australia Pty Ltd,PAC23-B,PAC 23 SOLUTION BULK,2013-07,6.65,TO,N118,52471,BASF Wyong,2013-07,4962.686567164179,49602,wa
51263,49602,Solenis Australia Pty Ltd,PAC23-B,PAC 23 SOLUTION BULK,2013-07,6.65,TO,N118,52471,BASF Wyong,2013-07,4962.686567164179,49602,wa
51272,49602,Solenis Australia Pty Ltd,PAC23-B,PAC 23 SOLUTION BULK,2013-05,9.31,TO,N118,52471,BASF Wyong,2013-05,6947.761194029851,49602,wa
51274,49602,Solenis Australia Pty Ltd,PAC23-B,PAC 23 SOLUTION BULK,2013-04,6.65,TO,N118,52471,BASF Wyong,2013-04,4962.686567164179,49602,wa
51278,49602,Solenis Australia Pty Ltd,PAC23-B,PAC 23 SOLUTION BULK,2013-04,6.65,TO,N118,52471,BASF Wyong,2013-04,4962.686567164179,49602,wa
51290,49602,Solenis Australia Pty Ltd,PAC23-B,PAC 23 SOLUTION BULK,2013-03,7.98,TO,N118,52471,BASF Wyong,2013-03,5955.2238805970155,49602,wa
51292,49602,Solenis Australia Pty Ltd,PAC23-B,PAC 23 SOLUTION BULK,2013-03,21.28,TO,N118,52471,BASF Wyong,2013-03,15880.597014925374,49602,wa
51294,49602,Solenis Australia Pty Ltd,PAC23-B,PAC 23 SOLUTION BULK,2013-03,6.65,TO,N118,52471,BASF Wyong,2013-03,4962.686567164179,49602,wa
51299,49602,Solenis Australia Pty Ltd,PAC23-B,PAC 23 SOLUTION BULK,2013-02,6.65,TO,N118,52471,BASF Wyong,2013-02,4962.686567164179,49602,wa
51300,49602,Solenis Australia Pty Ltd,PAC23-B,PAC 23 SOLUTION BULK,2013-02,21.28,TO,N118,52471,BASF Wyong,2013-02,15880.597014925374,49602,wa
51306,49602,Solenis Australia Pty Ltd,PAC23-B,PAC 23 SOLUTION BULK,2013-02,6.65,TO,N118,52471,BASF Wyong,2013-02,4962.686567164179,49602,wa
51308,49602,Solenis Australia Pty Ltd,PAC23-B,PAC 23 SOLUTION BULK,2013-02,7.98,TO,N118,52471,BASF Wyong,2013-02,5955.2238805970155,49602,wa
51312,49602,Solenis Australia Pty Ltd,PAC23-B,PAC 23 SOLUTION BULK,2013-01,5.32,TO,N118,52471,BASF Wyong,2013-01,3970.1492537313434,49602,wa
51313,49602,Solenis Australia Pty Ltd,PAC23-B,PAC 23 SOLUTION BULK,2013-01,21.28,TO,N118,52471,BASF Wyong,2013-01,15880.597014925374,49602,wa
51335,49602,Solenis Australia Pty Ltd,PAC23-B,PAC 23 SOLUTION BULK,2013-01,6.65,TO,N118,52471,BASF Wyong,2012-12,4962.686567164179,49602,wa
51336,49602,Solenis Australia Pty Ltd,PAC23-B,PAC 23 SOLUTION BULK,2013-01,7.98,TO,N118,52471,BASF Wyong,2012-12,5955.2238805970155,49602,wa
51339,49602,Solenis Australia Pty Ltd,PAC23-B,PAC 23 SOLUTION BULK,2012-12,5.32,TO,N118,52471,BASF Wyong,2012-12,3970.1492537313434,49602,wa
51341,49602,Solenis Australia Pty Ltd,PAC23-B,PAC 23 SOLUTION BULK,2012-12,6.65,TO,N118,52471,BASF Wyong,2012-12,4962.686567164179,49602,wa
51343,49602,Solenis Australia Pty Ltd,PAC23-B,PAC 23 SOLUTION BULK,2012-12,7.98,TO,N118,52471,BASF Wyong,2012-12,5955.2238805970155,49602,wa
51344,49602,Solenis Australia Pty Ltd,PAC23-B,PAC 23 SOLUTION BULK,2012-12,21.28,TO,N118,52471,BASF Wyong,2012-12,15880.597014925374,49602,wa
51351,49602,Solenis Australia Pty Ltd,PAC23-B,PAC 23 SOLUTION BULK,2012-11,21.28,TO,N118,52471,BASF Wyong,2012-11,15880.597014925374,49602,wa
51367,49602,Solenis Australia Pty Ltd,PAC23-B,PAC 23 SOLUTION BULK,2012-11,6.65,TO,N118,52471,BASF Wyong,2012-11,4962.686567164179,49602,wa
51372,49602,Solenis Australia Pty Ltd,PAC23-B,PAC 23 SOLUTION BULK,2012-10,6.65,TO,N118,52471,BASF Wyong,2012-10,4962.686567164179,49602,wa
51374,49602,Solenis Australia Pty Ltd,PAC23-B,PAC 23 SOLUTION BULK,2012-10,3.99,TO,N118,52471,BASF Wyong,2012-10,2977.6119402985078,49602,wa
51375,49602,Solenis Australia Pty Ltd,PAC23-B,PAC 23 SOLUTION BULK,2012-10,7.98,TO,N118,52471,BASF Wyong,2012-10,5955.2238805970155,49602,wa
51376,49602,Solenis Australia Pty Ltd,PAC23-B,PAC 23 SOLUTION BULK,2012-10,21.28,TO,N118,52471,BASF Wyong,2012-10,15880.597014925374,49602,wa
51384,49602,Solenis Australia Pty Ltd,PAC23-B,PAC 23 SOLUTION BULK,2012-09,6.65,TO,N118,52471,BASF Wyong,2012-09,4962.686567164179,49602,wa
51386,49602,Solenis Australia Pty Ltd,PAC23-B,PAC 23 SOLUTION BULK,2012-09,5.32,TO,N118,52471,BASF Wyong,2012-09,3970.1492537313434,49602,wa
51390,49602,Solenis Australia Pty Ltd,PAC23-B,PAC 23 SOLUTION BULK,2012-08,6.65,TO,N118,52471,BASF Wyong,2012-08,4962.686567164179,49602,wa
51405,49602,Solenis Australia Pty Ltd,PAC23-B,PAC 23 SOLUTION BULK,2012-07,21.28,TO,N118,52471,BASF Wyong,2012-05,15880.597014925374,49602,wa
51408,49602,Solenis Australia Pty Ltd,PAC23-B,PAC 23 SOLUTION BULK,2012-07,7.98,TO,N118,52471,BASF Wyong,2012-07,5955.2238805970155,49602,wa
51413,49602,Solenis Australia Pty Ltd,PAC23-B,PAC 23 SOLUTION BULK,2012-06,7.98,TO,N118,52471,BASF Wyong,2012-06,5955.2238805970155,49602,wa
51433,49602,Solenis Australia Pty Ltd,PAC23-B,PAC 23 SOLUTION BULK,2012-05,21.28,TO,N118,52471,BASF Wyong,2012-05,15880.597014925374,49602,wa
51434,49602,Solenis Australia Pty Ltd,PAC23-B,PAC 23 SOLUTION BULK,2012-05,2.66,TO,N118,52471,BASF Wyong,2012-05,1985.0746268656717,49602,wa
51435,49602,Solenis Australia Pty Ltd,PAC23-B,PAC 23 SOLUTION BULK,2012-05,3.99,TO,N118,52471,BASF Wyong,2012-05,2977.6119402985078,49602,wa
51444,49602,Solenis Australia Pty Ltd,PAC23-B,PAC 23 SOLUTION BULK,2012-05,7.98,TO,N118,52471,BASF Wyong,2012-04,5955.2238805970155,49602,wa
51448,49602,Solenis Australia Pty Ltd,PAC23-B,PAC 23 SOLUTION BULK,2012-04,6.65,TO,N118,52471,BASF Wyong,2012-04,4962.686567164179,49602,wa
51452,49602,Solenis Australia Pty Ltd,PAC23-B,PAC 23 SOLUTION BULK,2012-04,6.65,TO,N118,52471,BASF Wyong,2012-03,4962.686567164179,49602,wa
51464,49602,Solenis Australia Pty Ltd,PAC23-B,PAC 23 SOLUTION BULK,2012-03,7.98,TO,N118,52471,BASF Wyong,2012-03,5955.2238805970155,49602,wa
51468,49602,Solenis Australia Pty Ltd,PAC23-B,PAC 23 SOLUTION BULK,2012-03,6.65,TO,N118,52471,BASF Wyong,2012-03,4962.686567164179,49602,wa
51469,49602,Solenis Australia Pty Ltd,PAC23-B,PAC 23 SOLUTION BULK,2012-03,21.28,TO,N118,52471,BASF Wyong,2012-03,15880.597014925374,49602,wa
51470,49602,Solenis Australia Pty Ltd,PAC23-B,PAC 23 SOLUTION BULK,2012-03,21.28,TO,N118,52471,BASF Wyong,2012-03,15880.597014925374,49602,wa
51473,49602,Solenis Australia Pty Ltd,PAC23-B,PAC 23 SOLUTION BULK,2012-03,21.28,TO,N118,52471,BASF Wyong,2012-03,15880.597014925374,49602,wa
51474,49602,Solenis Australia Pty Ltd,PAC23-B,PAC 23 SOLUTION BULK,2012-03,3.99,TO,N118,52471,BASF Wyong,2012-03,2977.6119402985078,49602,wa
51481,49602,Solenis Australia Pty Ltd,PAC23-B,PAC 23 SOLUTION BULK,2012-02,21.28,TO,N118,52471,BASF Wyong,2012-01,15880.597014925374,49602,wa
51482,49602,Solenis Australia Pty Ltd,PAC23-B,PAC 23 SOLUTION BULK,2012-02,13.3,TO,N118,52471,BASF Wyong,2012-02,9925.373134328358,49602,wa
51483,49602,Solenis Australia Pty Ltd,PAC23-B,PAC 23 SOLUTION BULK,2012-02,21.28,TO,N118,52471,BASF Wyong,2012-01,15880.597014925374,49602,wa
51484,49602,Solenis Australia Pty Ltd,PAC23-B,PAC 23 SOLUTION BULK,2012-02,21.28,TO,N118,52471,BASF Wyong,2012-01,15880.597014925374,49602,wa
51486,49602,Solenis Australia Pty Ltd,PAC23-B,PAC 23 SOLUTION BULK,2012-02,21.28,TO,N118,52471,BASF Wyong,2012-01,15880.597014925374,49602,wa
51487,49602,Solenis Australia Pty Ltd,PAC23-B,PAC 23 SOLUTION BULK,2012-02,21.28,TO,N118,52471,BASF Wyong,2012-01,15880.597014925374,49602,wa
51500,49602,Solenis Australia Pty Ltd,PAC23-B,PAC 23 SOLUTION BULK,2012-01,13.3,TO,N118,52471,BASF Wyong,2012-01,9925.373134328358,49602,wa
51509,49602,Solenis Australia Pty Ltd,PAC23-B,PAC 23 SOLUTION BULK,2012-01,6.65,TO,N118,52471,BASF Wyong,2012-01,4962.686567164179,49602,wa
51512,49602,Solenis Australia Pty Ltd,PAC23-B,PAC 23 SOLUTION BULK,2011-12,14.63,TO,N118,52471,BASF Wyong,2011-12,10917.910447761195,49602,wa
51516,49602,Solenis Australia Pty Ltd,PAC23-B,PAC 23 SOLUTION BULK,2011-12,14.63,TO,N118,52471,BASF Wyong,2011-12,10917.910447761195,49602,wa
51518,49602,Solenis Australia Pty Ltd,PAC23-B,PAC 23 SOLUTION BULK,2011-11,14.63,TO,N118,52471,BASF Wyong,2011-11,10917.910447761195,49602,wa
51520,49602,Solenis Australia Pty Ltd,PAC23-B,PAC 23 SOLUTION BULK,2011-11,1.33,TO,N118,52471,BASF Wyong,2011-11,992.5373134328358,49602,wa
51523,49602,Solenis Australia Pty Ltd,PAC23-B,PAC 23 SOLUTION BULK,2011-11,7.98,TO,N118,52471,BASF Wyong,2011-11,5955.2238805970155,49602,wa
51534,49602,Solenis Australia Pty Ltd,PAC23-B,PAC 23 SOLUTION BULK,2011-11,6.65,TO,N118,52471,BASF Wyong,2011-11,4962.686567164179,49602,wa
51539,49602,Solenis Australia Pty Ltd,PAC23-B,PAC 23 SOLUTION BULK,2011-10,6.65,TO,N118,38485,Ciba - Wyong,2011-10,4962.686567164179,49602,wa
51541,49602,Solenis Australia Pty Ltd,PAC23-B,PAC 23 SOLUTION BULK,2011-10,6.65,TO,N118,38485,Ciba - Wyong,2011-10,4962.686567164179,49602,wa
51544,49602,Solenis Australia Pty Ltd,PAC23-B,PAC 23 SOLUTION BULK,2011-10,21.28,TO,N118,38485,Ciba - Wyong,2011-08,15880.597014925374,49602,wa
51547,49602,Solenis Australia Pty Ltd,PAC23-B,PAC 23 SOLUTION BULK,2011-09,11.97,TO,N118,38485,Ciba - Wyong,2011-09,8932.835820895523,49602,wa
51548,49602,Solenis Australia Pty Ltd,PAC23-B,PAC 23 SOLUTION BULK,2011-09,6.65,TO,N118,38485,Ciba - Wyong,2011-09,4962.686567164179,49602,wa
51549,49602,Solenis Australia Pty Ltd,PAC23-B,PAC 23 SOLUTION BULK,2011-09,7.98,TO,N118,38485,Ciba - Wyong,2011-09,5955.2238805970155,49602,wa
51551,49602,Solenis Australia Pty Ltd,PAC23-B,PAC 23 SOLUTION BULK,2011-09,5.32,TO,N118,38485,Ciba - Wyong,2011-09,3970.1492537313434,49602,wa
51553,49602,Solenis Australia Pty Ltd,PAC23-B,PAC 23 SOLUTION BULK,2011-08,6.65,TO,N118,38485,Ciba - Wyong,2011-08,4962.686567164179,49602,wa
51554,49602,Solenis Australia Pty Ltd,PAC23-B,PAC 23 SOLUTION BULK,2011-08,7.98,TO,N118,38485,Ciba - Wyong,2011-08,5955.2238805970155,49602,wa
51557,49602,Solenis Australia Pty Ltd,PAC23-B,PAC 23 SOLUTION BULK,2011-08,3.99,TO,N118,38485,Ciba - Wyong,2011-08,2977.6119402985078,49602,wa
51558,49602,Solenis Australia Pty Ltd,PAC23-B,PAC 23 SOLUTION BULK,2011-08,21.28,TO,N118,38485,Ciba - Wyong,2011-08,15880.597014925374,49602,wa
51561,49602,Solenis Australia Pty Ltd,PAC23-B,PAC 23 SOLUTION BULK,2011-08,6.65,TO,N118,38485,Ciba - Wyong,2011-08,4962.686567164179,49602,wa
51562,49602,Solenis Australia Pty Ltd,PAC23-B,PAC 23 SOLUTION BULK,2011-08,7.98,TO,N118,38485,Ciba - Wyong,2011-08,5955.2238805970155,49602,wa
51565,49602,Solenis Australia Pty Ltd,PAC23-B,PAC 23 SOLUTION BULK,2011-08,7.98,TO,N118,38485,Ciba - Wyong,2011-07,5955.2238805970155,49602,wa
51566,49602,Solenis Australia Pty Ltd,PAC23-B,PAC 23 SOLUTION BULK,2011-08,6.65,TO,N118,38485,Ciba - Wyong,2011-08,4962.686567164179,49602,wa
51572,49602,Solenis Australia Pty Ltd,PAC23-B,PAC 23 SOLUTION BULK,2011-07,6.65,TO,N118,38485,Ciba - Wyong,2011-07,4962.686567164179,49602,wa
51576,49602,Solenis Australia Pty Ltd,PAC23-B,PAC 23 SOLUTION BULK,2011-07,6.65,TO,N118,38485,Ciba - Wyong,2011-07,4962.686567164179,49602,wa
51593,49602,Solenis Australia Pty Ltd,PAC23-B,PAC 23 SOLUTION BULK,2011-06,7.98,TO,N118,38485,Ciba - Wyong,2011-06,5955.2238805970155,49602,wa
51594,49602,Solenis Australia Pty Ltd,PAC23-B,PAC 23 SOLUTION BULK,2011-06,7.98,TO,N118,38485,Ciba - Wyong,2011-06,5955.2238805970155,49602,wa
51597,49602,Solenis Australia Pty Ltd,PAC23-B,PAC 23 SOLUTION BULK,2011-06,7.98,TO,N118,38485,Ciba - Wyong,2011-05,5955.2238805970155,49602,wa
51602,49602,Solenis Australia Pty Ltd,PAC23-B,PAC 23 SOLUTION BULK,2011-05,21.28,TO,N118,38485,Ciba - Wyong,2011-05,15880.597014925374,49602,wa
51604,49602,Solenis Australia Pty Ltd,PAC23-B,PAC 23 SOLUTION BULK,2011-05,21.28,TO,N118,38485,Ciba - Wyong,2011-05,15880.597014925374,49602,wa
51611,49602,Solenis Australia Pty Ltd,PAC23-B,PAC 23 SOLUTION BULK,2011-05,6.65,TO,N118,38485,Ciba - Wyong,2011-05,4962.686567164179,49602,wa
51623,49602,Solenis Australia Pty Ltd,PAC23-B,PAC 23 SOLUTION BULK,2011-05,6.65,TO,N118,38485,Ciba - Wyong,2011-05,4962.686567164179,49602,wa
51629,49602,Solenis Australia Pty Ltd,PAC23-B,PAC 23 SOLUTION BULK,2011-04,6.65,TO,N118,38485,Ciba - Wyong,2011-04,4962.686567164179,49602,wa
51631,49602,Solenis Australia Pty Ltd,PAC23-B,PAC 23 SOLUTION BULK,2011-04,7.98,TO,N118,38485,Ciba - Wyong,2011-04,5955.2238805970155,49602,wa
51635,49602,Solenis Australia Pty Ltd,PAC23-B,PAC 23 SOLUTION BULK,2011-03,7.98,TO,N118,38485,Ciba - Wyong,2011-03,5955.2238805970155,49602,wa
51639,49602,Solenis Australia Pty Ltd,PAC23-B,PAC 23 SOLUTION BULK,2011-02,18.62,TO,N118,38485,Ciba - Wyong,2011-02,13895.522388059702,49602,wa
51650,49602,Solenis Australia Pty Ltd,PAC23-B,PAC 23 SOLUTION BULK,2011-02,3.99,TO,N118,38485,Ciba - Wyong,2011-02,2977.6119402985078,49602,wa
51662,49602,Solenis Australia Pty Ltd,PAC23-B,PAC 23 SOLUTION BULK,2011-01,6.65,TO,N118,38485,Ciba - Wyong,2011-01,4962.686567164179,49602,wa
51663,49602,Solenis Australia Pty Ltd,PAC23-B,PAC 23 SOLUTION BULK,2011-01,7.98,TO,N118,38485,Ciba - Wyong,2011-01,5955.2238805970155,49602,wa
51678,49602,Solenis Australia Pty Ltd,PAC23-B,PAC 23 SOLUTION BULK,2011-01,3.99,TO,N118,38485,Ciba - Wyong,2011-01,2977.6119402985078,49602,wa
51683,49602,Solenis Australia Pty Ltd,PAC23-B,PAC 23 SOLUTION BULK,2011-01,6.65,TO,N118,38485,Ciba - Wyong,2010-12,4962.686567164179,49602,wa
51684,49602,Solenis Australia Pty Ltd,PAC23-B,PAC 23 SOLUTION BULK,2010-12,20.0,TO,N118,38485,Ciba - Wyong,2010-12,14925.373134328358,49602,wa
51686,49602,Solenis Australia Pty Ltd,PAC23-B,PAC 23 SOLUTION BULK,2010-12,7.98,TO,N118,38485,Ciba - Wyong,2010-12,5955.2238805970155,49602,wa
51687,49602,Solenis Australia Pty Ltd,PAC23-B,PAC 23 SOLUTION BULK,2010-12,23.94,TO,N118,38485,Ciba - Wyong,2010-12,17865.671641791047,49602,wa
51688,49602,Solenis Australia Pty Ltd,PAC23-B,PAC 23 SOLUTION BULK,2010-12,23.94,TO,N118,38485,Ciba - Wyong,2010-12,17865.671641791047,49602,wa
51693,49602,Solenis Australia Pty Ltd,PAC23-B,PAC 23 SOLUTION BULK,2010-12,20.0,TO,N118,38485,Ciba - Wyong,2010-12,14925.373134328358,49602,wa
51694,10071,Water Corporation WA - Main account,PAC23-B,PAC 23 SOLUTION BULK,2010-12,23.0,TO,N118,30984,HARDING DAM-W Corp,2010-11,17164.17910447761,10071,wa
51701,10071,Water Corporation WA - Main account,PAC23-B,PAC 23 SOLUTION BULK,2010-11,23.0,TO,N118,30984,HARDING DAM-W Corp,2010-10,17164.17910447761,10071,wa
51702,10071,Water Corporation WA - Main account,PAC23-B,PAC 23 SOLUTION BULK,2010-11,23.0,TO,N118,30984,HARDING DAM-W Corp,2010-10,17164.17910447761,10071,wa
51703,49602,Solenis Australia Pty Ltd,PAC23-B,PAC 23 SOLUTION BULK,2010-11,19.95,TO,N118,38485,Ciba - Wyong,2010-11,14888.059701492537,49602,wa
51704,10071,Water Corporation WA - Main account,PAC23-B,PAC 23 SOLUTION BULK,2010-11,23.1,TO,N118,30984,HARDING DAM-W Corp,2010-10,17238.805970149257,10071,wa
51706,49602,Solenis Australia Pty Ltd,PAC23-B,PAC 23 SOLUTION BULK,2010-10,15.96,TO,N118,38485,Ciba - Wyong,2010-10,11910.447761194031,49602,wa
51707,10071,Water Corporation WA - Main account,PAC23-B,PAC 23 SOLUTION BULK,2010-10,23.76,TO,N118,30984,HARDING DAM-W Corp,2010-10,17731.34328358209,10071,wa
51712,49602,Solenis Australia Pty Ltd,PAC23-B,PAC 23 SOLUTION BULK,2010-10,6.65,TO,N118,38485,Ciba - Wyong,2010-10,4962.686567164179,49602,wa
51713,49602,Solenis Australia Pty Ltd,PAC23-B,PAC 23 SOLUTION BULK,2010-10,6.65,TO,N118,38485,Ciba - Wyong,2010-10,4962.686567164179,49602,wa
51715,49602,Solenis Australia Pty Ltd,PAC23-B,PAC 23 SOLUTION BULK,2010-09,7.98,TO,N118,38485,Ciba - Wyong,2010-09,5955.2238805970155,49602,wa
51716,49602,Solenis Australia Pty Ltd,PAC23-B,PAC 23 SOLUTION BULK,2010-09,6.65,TO,N118,38485,Ciba - Wyong,2010-09,4962.686567164179,49602,wa
51732,10071,Water Corporation WA - Main account,PAC23-B,PAC 23 SOLUTION BULK,2010-08,23.0,TO,N118,30984,HARDING DAM-W Corp,2010-08,17164.17910447761,10071,wa
51735,49602,Solenis Australia Pty Ltd,PAC23-B,PAC 23 SOLUTION BULK,2010-08,6.65,TO,N118,38485,Ciba - Wyong,2010-07,4962.686567164179,49602,wa
51781,49602,Solenis Australia Pty Ltd,PAC23-B,PAC 23 SOLUTION BULK,,2.66,TO,N118,59913,Toll Chemical Logistics - Sydney,2017-02,1985.0746268656717,49602,wa
51782,49602,Solenis Australia Pty Ltd,PAC23-B,PAC 23 SOLUTION BULK,,13.3,TO,N118,59913,Toll Chemical Logistics - Sydney,2017-02,9925.373134328358,49602,wa
51783,49602,Solenis Australia Pty Ltd,PAC23-B,PAC 23 SOLUTION BULK,,13.3,TO,N118,59913,Toll Chemical Logistics - Sydney,2017-02,9925.373134328358,49602,wa
51784,49602,Solenis Australia Pty Ltd,PAC23-B,PAC 23 SOLUTION BULK,,3.99,TO,N118,59913,Toll Chemical Logistics - Sydney,2017-02,2977.6119402985078,49602,wa
51803,49602,Solenis Australia Pty Ltd,PAC23-B,PAC 23 SOLUTION BULK,,3.99,TO,N118,59913,Toll Chemical Logistics - Sydney,2017-02,2977.6119402985078,49602,wa
51804,49602,Solenis Australia Pty Ltd,PAC23-B,PAC 23 SOLUTION BULK,,13.3,TO,N118,59913,Toll Chemical Logistics - Sydney,2017-02,9925.373134328358,49602,wa
51805,49602,Solenis Australia Pty Ltd,PAC23-B,PAC 23 SOLUTION BULK,,13.3,TO,N118,59913,Toll Chemical Logistics - Sydney,2017-02,9925.373134328358,49602,wa
51806,49602,Solenis Australia Pty Ltd,PAC23-B,PAC 23 SOLUTION BULK,,2.66,TO,N118,59913,Toll Chemical Logistics - Sydney,2017-02,1985.0746268656717,49602,wa
